payment_id,merchant_id,customer_id,amount,currency,payment_method,failure_reason,payment_status,attempt_number,previous_success_rate,time_since_failure_minutes,is_subscription,recovery_eligible,recovery_action,recovery_success,recovered_amount
pay_0001,merch_105,cust_1028,199,INR,netbanking,insufficient_funds,FAILED,1,0.22,27,0,1,SEND_PAYMENT_LINK,0,0.0
pay_0002,merch_100,cust_1007,499,INR,card,insufficient_funds,FAILED,2,0.61,144,0,1,SEND_PAYMENT_LINK,0,0.0
pay_0003,merch_105,cust_1139,9999,INR,card,bank_declined,FAILED,2,0.34,2,0,1,SEND_PAYMENT_LINK,0,0.0
pay_0004,merch_102,cust_1071,999,INR,card,authentication_failure,FAILED,1,0.18,25,1,1,SEND_REMINDER,0,0.0
pay_0005,merch_104,cust_1067,199,INR,wallet,timeout,FAILED,1,0.93,97,0,1,RETRY_PAYMENT,1,199.0
pay_0006,merch_105,cust_1158,4999,INR,card,limit_exceeded,FAILED,1,0.14,59,1,1,SEND_REMINDER,0,0.0
pay_0007,merch_101,cust_1025,9999,INR,netbanking,bank_declined,FAILED,3,0.81,42,1,1,SEND_PAYMENT_LINK,0,0.0
pay_0008,merch_105,cust_1068,499,INR,card,timeout,FAILED,3,0.31,119,1,1,RETRY_PAYMENT,1,499.0
pay_0009,merch_105,cust_1176,25000,INR,card,limit_exceeded,FAILED,1,0.82,15,0,1,SEND_PAYMENT_LINK,0,0.0
pay_0010,merch_102,cust_1102,2999,INR,upi,insufficient_funds,FAILED,2,0.84,81,0,1,SEND_PAYMENT_LINK,0,0.0
pay_0011,merch_103,cust_1164,15000,INR,card,authentication_failure,FAILED,1,0.31,144,1,1,SEND_PAYMENT_LINK,0,0.0
pay_0012,merch_103,cust_1149,9999,INR,netbanking,insufficient_funds,FAILED,1,0.53,24,0,1,SEND_PAYMENT_LINK,0,0.0
pay_0013,merch_101,cust_1160,999,INR,wallet,timeout,FAILED,1,0.43,153,1,1,RETRY_PAYMENT,1,999.0
pay_0014,merch_104,cust_1002,499,INR,netbanking,limit_exceeded,FAILED,1,0.19,112,0,1,SEND_REMINDER,0,0.0
pay_0015,merch_105,cust_1184,2999,INR,card,timeout,FAILED,1,0.84,77,0,1,RETRY_PAYMENT,1,2999.0
pay_0016,merch_101,cust_1138,25000,INR,upi,timeout,FAILED,1,0.52,29,1,1,RETRY_PAYMENT,0,0.0
pay_0017,merch_102,cust_1061,199,INR,card,timeout,FAILED,1,0.17,125,0,1,RETRY_PAYMENT,0,0.0
pay_0018,merch_104,cust_1196,999,INR,card,limit_exceeded,FAILED,2,0.9,43,1,1,SEND_REMINDER,0,0.0
pay_0019,merch_104,cust_1108,1499,INR,card,limit_exceeded,FAILED,1,0.44,172,1,1,SEND_REMINDER,0,0.0
pay_0020,merch_104,cust_1115,499,INR,card,insufficient_funds,FAILED,1,0.39,151,0,1,SEND_PAYMENT_LINK,0,0.0
pay_0021,merch_100,cust_1018,199,INR,card,temporary_network_error,FAILED,1,0.83,19,0,1,RETRY_PAYMENT,1,199.0
pay_0022,merch_103,cust_1054,25000,INR,card,limit_exceeded,FAILED,2,0.59,63,1,1,SEND_PAYMENT_LINK,0,0.0
pay_0023,merch_101,cust_1024,499,INR,wallet,authentication_failure,FAILED,2,0.45,14,0,1,SEND_REMINDER,1,499.0
pay_0024,merch_105,cust_1086,499,INR,card,insufficient_funds,FAILED,1,0.56,36,1,1,SEND_PAYMENT_LINK,1,499.0
pay_0025,merch_103,cust_1063,499,INR,wallet,timeout,FAILED,1,0.14,139,0,1,RETRY_PAYMENT,0,0.0
pay_0026,merch_101,cust_1042,9999,INR,wallet,bank_declined,FAILED,1,0.83,16,0,1,SEND_PAYMENT_LINK,1,9999.0
pay_0027,merch_103,cust_1067,15000,INR,netbanking,bank_declined,FAILED,3,0.91,143,1,1,SEND_PAYMENT_LINK,1,15000.0
pay_0028,merch_102,cust_1055,199,INR,upi,limit_exceeded,FAILED,1,0.15,150,1,1,SEND_REMINDER,0,0.0
pay_0029,merch_104,cust_1040,199,INR,upi,insufficient_funds,FAILED,1,0.61,173,0,1,SEND_PAYMENT_LINK,0,0.0
pay_0030,merch_104,cust_1063,199,INR,upi,bank_declined,FAILED,3,0.6,134,1,0,STOP,0,0.0
pay_0031,merch_102,cust_1052,4999,INR,card,authentication_failure,FAILED,2,0.21,166,1,1,SEND_REMINDER,1,4999.0
pay_0032,merch_100,cust_1002,15000,INR,upi,temporary_network_error,FAILED,2,0.28,68,0,1,RETRY_PAYMENT,0,0.0
pay_0033,merch_100,cust_1062,4999,INR,netbanking,insufficient_funds,FAILED,2,0.81,78,0,1,SEND_PAYMENT_LINK,0,0.0
pay_0034,merch_104,cust_1076,499,INR,card,authentication_failure,FAILED,1,0.86,142,0,1,SEND_REMINDER,1,499.0
pay_0035,merch_104,cust_1053,4999,INR,card,limit_exceeded,FAILED,3,0.82,130,1,0,STOP,0,0.0
pay_0036,merch_102,cust_1013,499,INR,wallet,authentication_failure,FAILED,1,0.1,34,1,1,SEND_REMINDER,1,499.0
pay_0037,merch_103,cust_1141,9999,INR,upi,temporary_network_error,FAILED,1,0.9,177,0,1,RETRY_PAYMENT,1,9999.0
pay_0038,merch_102,cust_1149,25000,INR,card,bank_declined,FAILED,1,0.14,94,0,1,SEND_PAYMENT_LINK,0,0.0
pay_0039,merch_101,cust_1174,1499,INR,upi,authentication_failure,FAILED,2,0.85,105,0,1,SEND_REMINDER,0,0.0
pay_0040,merch_101,cust_1041,999,INR,wallet,temporary_network_error,FAILED,1,0.73,86,1,1,RETRY_PAYMENT,1,999.0
pay_0041,merch_105,cust_1063,2999,INR,card,limit_exceeded,FAILED,1,0.43,10,1,1,SEND_REMINDER,1,2999.0
pay_0042,merch_103,cust_1089,2999,INR,card,insufficient_funds,FAILED,1,0.66,103,1,1,SEND_PAYMENT_LINK,1,2999.0
pay_0043,merch_100,cust_1197,2999,INR,netbanking,limit_exceeded,FAILED,2,0.44,138,1,1,SEND_REMINDER,0,0.0
pay_0044,merch_100,cust_1066,999,INR,netbanking,temporary_network_error,FAILED,1,0.61,89,1,1,RETRY_PAYMENT,1,999.0
pay_0045,merch_104,cust_1029,9999,INR,card,authentication_failure,FAILED,1,0.7,1,0,1,SEND_PAYMENT_LINK,1,9999.0
pay_0046,merch_100,cust_1170,4999,INR,netbanking,limit_exceeded,FAILED,1,0.71,77,1,1,SEND_REMINDER,0,0.0
pay_0047,merch_102,cust_1103,2999,INR,card,insufficient_funds,FAILED,2,0.67,98,0,1,SEND_PAYMENT_LINK,0,0.0
pay_0048,merch_102,cust_1103,25000,INR,upi,authentication_failure,FAILED,1,0.28,149,1,1,SEND_PAYMENT_LINK,1,25000.0
pay_0049,merch_103,cust_1172,1499,INR,wallet,limit_exceeded,FAILED,1,0.66,73,1,1,SEND_REMINDER,1,1499.0
pay_0050,merch_101,cust_1172,2999,INR,card,insufficient_funds,FAILED,1,0.12,63,1,1,SEND_PAYMENT_LINK,0,0.0
pay_0051,merch_100,cust_1116,9999,INR,card,limit_exceeded,FAILED,3,0.43,103,0,0,STOP,0,0.0
pay_0052,merch_101,cust_1167,199,INR,upi,bank_declined,FAILED,1,0.25,179,1,1,SEND_REMINDER,1,199.0
pay_0053,merch_101,cust_1031,15000,INR,card,bank_declined,FAILED,3,0.55,144,1,0,STOP,0,0.0
pay_0054,merch_103,cust_1156,25000,INR,wallet,timeout,FAILED,2,0.86,122,1,1,RETRY_PAYMENT,1,25000.0
pay_0055,merch_101,cust_1163,2999,INR,wallet,limit_exceeded,FAILED,1,0.33,20,1,1,SEND_REMINDER,1,2999.0
pay_0056,merch_102,cust_1081,25000,INR,upi,insufficient_funds,FAILED,1,0.3,178,0,1,SEND_PAYMENT_LINK,0,0.0
pay_0057,merch_100,cust_1106,9999,INR,netbanking,timeout,FAILED,2,0.45,53,1,1,RETRY_PAYMENT,1,9999.0
pay_0058,merch_104,cust_1178,199,INR,wallet,bank_declined,FAILED,1,0.9,77,1,1,SEND_REMINDER,0,0.0
pay_0059,merch_103,cust_1137,25000,INR,card,bank_declined,FAILED,1,0.33,125,0,1,SEND_PAYMENT_LINK,1,25000.0
pay_0060,merch_105,cust_1173,9999,INR,card,bank_declined,FAILED,1,0.93,137,0,1,SEND_PAYMENT_LINK,0,0.0
pay_0061,merch_104,cust_1144,199,INR,upi,limit_exceeded,FAILED,2,0.22,119,0,1,SEND_REMINDER,1,199.0
pay_0062,merch_103,cust_1083,1499,INR,wallet,authentication_failure,FAILED,1,0.75,98,1,1,SEND_REMINDER,0,0.0
pay_0063,merch_103,cust_1064,499,INR,wallet,temporary_network_error,FAILED,3,0.56,90,0,1,RETRY_PAYMENT,0,0.0
pay_0064,merch_105,cust_1010,199,INR,card,insufficient_funds,FAILED,1,0.63,62,0,1,SEND_PAYMENT_LINK,0,0.0
pay_0065,merch_100,cust_1144,1499,INR,wallet,limit_exceeded,FAILED,1,0.75,43,0,1,SEND_REMINDER,0,0.0
pay_0066,merch_101,cust_1079,499,INR,upi,authentication_failure,FAILED,2,0.68,97,1,1,SEND_REMINDER,0,0.0
pay_0067,merch_101,cust_1019,1499,INR,upi,limit_exceeded,FAILED,1,0.82,154,0,1,SEND_REMINDER,0,0.0
pay_0068,merch_104,cust_1200,199,INR,netbanking,timeout,FAILED,2,0.66,18,1,1,RETRY_PAYMENT,1,199.0
pay_0069,merch_103,cust_1125,499,INR,wallet,authentication_failure,FAILED,3,0.86,118,0,1,SEND_REMINDER,0,0.0
pay_0070,merch_105,cust_1133,2999,INR,wallet,bank_declined,FAILED,2,0.8,152,1,1,SEND_REMINDER,1,2999.0
pay_0071,merch_101,cust_1022,2999,INR,wallet,insufficient_funds,FAILED,2,0.58,172,1,1,SEND_PAYMENT_LINK,0,0.0
pay_0072,merch_103,cust_1083,999,INR,wallet,insufficient_funds,FAILED,1,0.78,88,1,1,SEND_PAYMENT_LINK,0,0.0
pay_0073,merch_105,cust_1070,25000,INR,upi,timeout,FAILED,1,0.17,105,1,1,RETRY_PAYMENT,1,25000.0
pay_0074,merch_101,cust_1176,15000,INR,wallet,bank_declined,FAILED,1,0.18,57,1,1,SEND_PAYMENT_LINK,0,0.0
pay_0075,merch_102,cust_1169,4999,INR,wallet,timeout,FAILED,2,0.39,141,1,1,RETRY_PAYMENT,1,4999.0
pay_0076,merch_103,cust_1069,2999,INR,netbanking,insufficient_funds,FAILED,1,0.71,81,0,1,SEND_PAYMENT_LINK,0,0.0
pay_0077,merch_105,cust_1047,1499,INR,card,limit_exceeded,FAILED,2,0.34,151,1,1,SEND_REMINDER,0,0.0
pay_0078,merch_101,cust_1075,1499,INR,netbanking,insufficient_funds,FAILED,1,0.11,137,0,1,SEND_PAYMENT_LINK,1,1499.0
pay_0079,merch_100,cust_1141,2999,INR,card,limit_exceeded,FAILED,2,0.19,4,1,1,SEND_REMINDER,0,0.0
pay_0080,merch_103,cust_1087,999,INR,upi,authentication_failure,FAILED,2,0.2,17,1,1,SEND_REMINDER,1,999.0
pay_0081,merch_104,cust_1161,199,INR,card,insufficient_funds,FAILED,2,0.91,22,0,1,SEND_PAYMENT_LINK,1,199.0
pay_0082,merch_103,cust_1155,1499,INR,wallet,bank_declined,FAILED,2,0.35,151,1,1,SEND_REMINDER,1,1499.0
pay_0083,merch_104,cust_1015,499,INR,card,limit_exceeded,FAILED,1,0.32,21,0,1,SEND_REMINDER,1,499.0
pay_0084,merch_104,cust_1019,999,INR,upi,bank_declined,FAILED,2,0.69,121,1,1,SEND_REMINDER,1,999.0
pay_0085,merch_102,cust_1180,2999,INR,wallet,temporary_network_error,FAILED,3,0.3,68,0,1,RETRY_PAYMENT,1,2999.0
pay_0086,merch_104,cust_1057,999,INR,netbanking,insufficient_funds,FAILED,1,0.15,79,1,1,SEND_PAYMENT_LINK,0,0.0
pay_0087,merch_103,cust_1176,2999,INR,wallet,authentication_failure,FAILED,2,0.56,113,0,1,SEND_REMINDER,0,0.0
pay_0088,merch_103,cust_1188,4999,INR,netbanking,temporary_network_error,FAILED,1,0.29,173,0,1,RETRY_PAYMENT,0,0.0
pay_0089,merch_105,cust_1068,199,INR,card,bank_declined,FAILED,2,0.65,72,0,1,SEND_REMINDER,0,0.0
pay_0090,merch_103,cust_1162,15000,INR,upi,bank_declined,FAILED,1,0.45,83,0,1,SEND_PAYMENT_LINK,0,0.0
pay_0091,merch_102,cust_1105,15000,INR,netbanking,limit_exceeded,FAILED,2,0.79,141,0,1,SEND_PAYMENT_LINK,0,0.0
pay_0092,merch_102,cust_1064,4999,INR,upi,bank_declined,FAILED,2,0.8,1,1,1,SEND_REMINDER,1,4999.0
pay_0093,merch_101,cust_1132,4999,INR,wallet,limit_exceeded,FAILED,2,0.75,53,1,1,SEND_REMINDER,0,0.0
pay_0094,merch_102,cust_1112,15000,INR,upi,temporary_network_error,FAILED,3,0.62,62,0,1,RETRY_PAYMENT,1,15000.0
pay_0095,merch_100,cust_1141,9999,INR,upi,insufficient_funds,FAILED,1,0.49,31,0,1,SEND_PAYMENT_LINK,0,0.0
pay_0096,merch_105,cust_1074,25000,INR,netbanking,bank_declined,FAILED,2,0.93,63,1,1,SEND_PAYMENT_LINK,1,25000.0
pay_0097,merch_103,cust_1048,25000,INR,card,temporary_network_error,FAILED,1,0.76,107,1,1,RETRY_PAYMENT,1,25000.0
pay_0098,merch_104,cust_1068,199,INR,netbanking,limit_exceeded,FAILED,1,0.81,149,1,1,SEND_REMINDER,0,0.0
pay_0099,merch_103,cust_1137,15000,INR,netbanking,authentication_failure,FAILED,2,0.75,97,1,1,SEND_PAYMENT_LINK,0,0.0
pay_0100,merch_101,cust_1178,1499,INR,wallet,insufficient_funds,FAILED,2,0.14,122,1,1,SEND_PAYMENT_LINK,0,0.0
pay_0101,merch_105,cust_1166,999,INR,wallet,temporary_network_error,FAILED,1,0.53,152,1,1,RETRY_PAYMENT,0,0.0
pay_0102,merch_103,cust_1025,25000,INR,wallet,temporary_network_error,FAILED,3,0.22,168,0,1,RETRY_PAYMENT,1,25000.0
pay_0103,merch_102,cust_1086,9999,INR,upi,authentication_failure,FAILED,3,0.83,98,1,1,SEND_PAYMENT_LINK,0,0.0
pay_0104,merch_103,cust_1138,199,INR,upi,insufficient_funds,FAILED,3,0.68,74,0,0,STOP,0,0.0
pay_0105,merch_105,cust_1023,9999,INR,upi,limit_exceeded,FAILED,3,0.84,114,0,0,STOP,0,0.0
pay_0106,merch_105,cust_1076,199,INR,upi,authentication_failure,FAILED,1,0.35,96,1,1,SEND_REMINDER,1,199.0
pay_0107,merch_104,cust_1105,999,INR,card,insufficient_funds,FAILED,1,0.62,98,0,1,SEND_PAYMENT_LINK,0,0.0
pay_0108,merch_104,cust_1036,1499,INR,wallet,limit_exceeded,FAILED,1,0.49,171,0,1,SEND_REMINDER,0,0.0
pay_0109,merch_103,cust_1073,25000,INR,card,temporary_network_error,FAILED,2,0.9,151,1,1,RETRY_PAYMENT,1,25000.0
pay_0110,merch_103,cust_1176,2999,INR,wallet,authentication_failure,FAILED,1,0.95,124,0,1,SEND_REMINDER,1,2999.0
pay_0111,merch_104,cust_1091,2999,INR,netbanking,temporary_network_error,FAILED,3,0.44,3,0,1,RETRY_PAYMENT,0,0.0
pay_0112,merch_105,cust_1127,2999,INR,card,timeout,FAILED,1,0.29,49,1,1,RETRY_PAYMENT,1,2999.0
pay_0113,merch_105,cust_1196,999,INR,upi,limit_exceeded,FAILED,3,0.13,113,0,0,STOP,0,0.0
pay_0114,merch_104,cust_1093,999,INR,upi,authentication_failure,FAILED,1,0.74,45,0,1,SEND_REMINDER,1,999.0
pay_0115,merch_104,cust_1093,25000,INR,netbanking,insufficient_funds,FAILED,1,0.88,124,1,1,SEND_PAYMENT_LINK,0,0.0
pay_0116,merch_102,cust_1029,15000,INR,upi,insufficient_funds,FAILED,1,0.83,173,1,1,SEND_PAYMENT_LINK,0,0.0
pay_0117,merch_104,cust_1093,499,INR,wallet,temporary_network_error,FAILED,1,0.56,117,1,1,RETRY_PAYMENT,1,499.0
pay_0118,merch_105,cust_1067,9999,INR,netbanking,temporary_network_error,FAILED,3,0.3,7,1,1,RETRY_PAYMENT,0,0.0
pay_0119,merch_101,cust_1165,499,INR,wallet,limit_exceeded,FAILED,1,0.65,30,0,1,SEND_REMINDER,1,499.0
pay_0120,merch_100,cust_1077,15000,INR,upi,temporary_network_error,FAILED,1,0.85,35,1,1,RETRY_PAYMENT,1,15000.0
pay_0121,merch_105,cust_1190,25000,INR,wallet,timeout,FAILED,3,0.72,107,0,1,RETRY_PAYMENT,0,0.0
pay_0122,merch_104,cust_1104,2999,INR,upi,limit_exceeded,FAILED,1,0.28,114,0,1,SEND_REMINDER,0,0.0
pay_0123,merch_100,cust_1175,4999,INR,netbanking,temporary_network_error,FAILED,2,0.33,32,1,1,RETRY_PAYMENT,1,4999.0
pay_0124,merch_101,cust_1164,199,INR,upi,authentication_failure,FAILED,1,0.94,145,0,1,SEND_REMINDER,1,199.0
pay_0125,merch_104,cust_1053,1499,INR,card,authentication_failure,FAILED,1,0.77,153,0,1,SEND_REMINDER,1,1499.0
pay_0126,merch_101,cust_1033,25000,INR,netbanking,insufficient_funds,FAILED,1,0.66,7,0,1,SEND_PAYMENT_LINK,1,25000.0
pay_0127,merch_101,cust_1150,4999,INR,upi,insufficient_funds,FAILED,1,0.14,108,0,1,SEND_PAYMENT_LINK,0,0.0
pay_0128,merch_103,cust_1114,4999,INR,upi,bank_declined,FAILED,2,0.29,158,0,1,SEND_REMINDER,0,0.0
pay_0129,merch_105,cust_1133,2999,INR,wallet,limit_exceeded,FAILED,1,0.15,123,1,1,SEND_REMINDER,0,0.0
pay_0130,merch_100,cust_1125,15000,INR,upi,temporary_network_error,FAILED,1,0.62,17,0,1,RETRY_PAYMENT,1,15000.0
pay_0131,merch_105,cust_1149,25000,INR,netbanking,bank_declined,FAILED,2,0.55,117,1,1,SEND_PAYMENT_LINK,1,25000.0
pay_0132,merch_105,cust_1029,25000,INR,card,bank_declined,FAILED,2,0.85,106,1,1,SEND_PAYMENT_LINK,0,0.0
pay_0133,merch_103,cust_1106,499,INR,netbanking,bank_declined,FAILED,1,0.67,96,0,1,SEND_REMINDER,0,0.0
pay_0134,merch_103,cust_1017,499,INR,upi,temporary_network_error,FAILED,2,0.18,96,0,1,RETRY_PAYMENT,1,499.0
pay_0135,merch_104,cust_1143,25000,INR,netbanking,limit_exceeded,FAILED,1,0.45,171,1,1,SEND_PAYMENT_LINK,0,0.0
pay_0136,merch_105,cust_1013,2999,INR,netbanking,authentication_failure,FAILED,1,0.59,55,0,1,SEND_REMINDER,0,0.0
pay_0137,merch_101,cust_1027,4999,INR,netbanking,temporary_network_error,FAILED,1,0.59,110,0,1,RETRY_PAYMENT,1,4999.0
pay_0138,merch_105,cust_1177,2999,INR,upi,insufficient_funds,FAILED,1,0.7,80,1,1,SEND_PAYMENT_LINK,0,0.0
pay_0139,merch_101,cust_1036,9999,INR,upi,insufficient_funds,FAILED,3,0.64,8,0,0,STOP,0,0.0
pay_0140,merch_105,cust_1135,1499,INR,wallet,bank_declined,FAILED,2,0.39,95,1,1,SEND_REMINDER,0,0.0
pay_0141,merch_104,cust_1152,499,INR,upi,insufficient_funds,FAILED,1,0.74,13,0,1,SEND_PAYMENT_LINK,1,499.0
pay_0142,merch_105,cust_1108,15000,INR,wallet,bank_declined,FAILED,1,0.28,132,0,1,SEND_PAYMENT_LINK,1,15000.0
pay_0143,merch_100,cust_1072,15000,INR,netbanking,temporary_network_error,FAILED,1,0.44,154,0,1,RETRY_PAYMENT,1,15000.0
pay_0144,merch_102,cust_1054,999,INR,netbanking,authentication_failure,FAILED,1,0.2,128,1,1,SEND_REMINDER,1,999.0
pay_0145,merch_103,cust_1136,1499,INR,netbanking,temporary_network_error,FAILED,2,0.83,11,1,1,RETRY_PAYMENT,1,1499.0
pay_0146,merch_100,cust_1080,9999,INR,wallet,limit_exceeded,FAILED,3,0.46,30,1,0,STOP,0,0.0
pay_0147,merch_100,cust_1083,999,INR,wallet,limit_exceeded,FAILED,1,0.17,28,0,1,SEND_REMINDER,0,0.0
pay_0148,merch_103,cust_1134,499,INR,wallet,authentication_failure,FAILED,3,0.39,86,0,0,STOP,0,0.0
pay_0149,merch_100,cust_1130,499,INR,card,authentication_failure,FAILED,1,0.72,166,0,1,SEND_REMINDER,1,499.0
pay_0150,merch_101,cust_1065,1499,INR,card,timeout,FAILED,1,0.75,168,0,1,RETRY_PAYMENT,1,1499.0
pay_0151,merch_105,cust_1126,15000,INR,wallet,limit_exceeded,FAILED,2,0.65,160,1,1,SEND_PAYMENT_LINK,0,0.0
pay_0152,merch_105,cust_1080,999,INR,wallet,temporary_network_error,FAILED,2,0.48,78,1,1,RETRY_PAYMENT,1,999.0
pay_0153,merch_102,cust_1129,499,INR,netbanking,bank_declined,FAILED,2,0.13,95,1,1,SEND_REMINDER,1,499.0
pay_0154,merch_100,cust_1157,25000,INR,wallet,bank_declined,FAILED,2,0.57,11,1,1,SEND_PAYMENT_LINK,0,0.0
pay_0155,merch_104,cust_1166,1499,INR,netbanking,timeout,FAILED,2,0.53,16,1,1,RETRY_PAYMENT,1,1499.0
pay_0156,merch_102,cust_1182,499,INR,card,temporary_network_error,FAILED,1,0.7,113,0,1,RETRY_PAYMENT,1,499.0
pay_0157,merch_102,cust_1099,9999,INR,netbanking,limit_exceeded,FAILED,2,0.14,162,1,1,SEND_PAYMENT_LINK,1,9999.0
pay_0158,merch_100,cust_1142,9999,INR,netbanking,authentication_failure,FAILED,3,0.82,155,0,1,SEND_PAYMENT_LINK,1,9999.0
pay_0159,merch_104,cust_1169,999,INR,netbanking,authentication_failure,FAILED,3,0.69,101,0,0,STOP,0,0.0
pay_0160,merch_104,cust_1181,499,INR,netbanking,timeout,FAILED,2,0.65,85,0,1,RETRY_PAYMENT,1,499.0
pay_0161,merch_105,cust_1175,25000,INR,upi,limit_exceeded,FAILED,3,0.46,93,0,0,STOP,0,0.0
pay_0162,merch_102,cust_1079,999,INR,card,authentication_failure,FAILED,2,0.26,36,0,1,SEND_REMINDER,1,999.0
pay_0163,merch_100,cust_1129,25000,INR,upi,limit_exceeded,FAILED,1,0.84,159,0,1,SEND_PAYMENT_LINK,0,0.0
pay_0164,merch_101,cust_1041,999,INR,card,limit_exceeded,FAILED,2,0.14,94,0,1,SEND_REMINDER,0,0.0
pay_0165,merch_104,cust_1072,15000,INR,card,timeout,FAILED,1,0.36,121,0,1,RETRY_PAYMENT,1,15000.0
pay_0166,merch_104,cust_1112,15000,INR,netbanking,bank_declined,FAILED,2,0.55,42,0,1,SEND_PAYMENT_LINK,0,0.0
pay_0167,merch_101,cust_1064,199,INR,wallet,authentication_failure,FAILED,2,0.89,133,0,1,SEND_REMINDER,1,199.0
pay_0168,merch_101,cust_1069,15000,INR,card,bank_declined,FAILED,1,0.9,57,1,1,SEND_PAYMENT_LINK,0,0.0
pay_0169,merch_100,cust_1106,199,INR,wallet,timeout,FAILED,1,0.3,21,1,1,RETRY_PAYMENT,1,199.0
pay_0170,merch_102,cust_1025,4999,INR,card,insufficient_funds,FAILED,1,0.34,121,0,1,SEND_PAYMENT_LINK,0,0.0
pay_0171,merch_103,cust_1114,199,INR,upi,temporary_network_error,FAILED,1,0.28,39,1,1,RETRY_PAYMENT,1,199.0
pay_0172,merch_102,cust_1060,2999,INR,upi,temporary_network_error,FAILED,1,0.46,160,1,1,RETRY_PAYMENT,1,2999.0
pay_0173,merch_103,cust_1152,25000,INR,upi,limit_exceeded,FAILED,2,0.59,37,1,1,SEND_PAYMENT_LINK,0,0.0
pay_0174,merch_104,cust_1090,1499,INR,wallet,insufficient_funds,FAILED,3,0.67,135,1,0,STOP,0,0.0
pay_0175,merch_100,cust_1134,25000,INR,upi,bank_declined,FAILED,2,0.14,100,1,1,SEND_PAYMENT_LINK,1,25000.0
pay_0176,merch_100,cust_1091,499,INR,netbanking,insufficient_funds,FAILED,3,0.66,27,1,0,STOP,0,0.0
pay_0177,merch_101,cust_1011,4999,INR,netbanking,limit_exceeded,FAILED,1,0.81,176,1,1,SEND_REMINDER,0,0.0
pay_0178,merch_103,cust_1161,999,INR,card,temporary_network_error,FAILED,3,0.76,118,0,1,RETRY_PAYMENT,1,999.0
pay_0179,merch_100,cust_1051,199,INR,netbanking,authentication_failure,FAILED,2,0.44,140,1,1,SEND_REMINDER,1,199.0
pay_0180,merch_105,cust_1048,2999,INR,netbanking,temporary_network_error,FAILED,3,0.38,32,1,1,RETRY_PAYMENT,1,2999.0
pay_0181,merch_103,cust_1190,15000,INR,wallet,authentication_failure,FAILED,1,0.52,128,1,1,SEND_PAYMENT_LINK,0,0.0
pay_0182,merch_104,cust_1068,499,INR,wallet,temporary_network_error,FAILED,2,0.61,47,1,1,RETRY_PAYMENT,1,499.0
pay_0183,merch_100,cust_1083,2999,INR,netbanking,bank_declined,FAILED,2,0.71,43,1,1,SEND_REMINDER,1,2999.0
pay_0184,merch_100,cust_1186,4999,INR,wallet,authentication_failure,FAILED,3,0.93,15,0,1,SEND_REMINDER,0,0.0
pay_0185,merch_103,cust_1093,25000,INR,card,temporary_network_error,FAILED,1,0.82,174,1,1,RETRY_PAYMENT,1,25000.0
pay_0186,merch_100,cust_1060,4999,INR,netbanking,bank_declined,FAILED,2,0.13,40,1,1,SEND_REMINDER,0,0.0
pay_0187,merch_102,cust_1113,499,INR,card,timeout,FAILED,1,0.44,167,1,1,RETRY_PAYMENT,1,499.0
pay_0188,merch_100,cust_1006,999,INR,wallet,timeout,FAILED,2,0.88,31,1,1,RETRY_PAYMENT,1,999.0
pay_0189,merch_105,cust_1114,1499,INR,netbanking,limit_exceeded,FAILED,2,0.27,35,0,1,SEND_REMINDER,0,0.0
pay_0190,merch_105,cust_1113,499,INR,netbanking,limit_exceeded,FAILED,1,0.7,141,1,1,SEND_REMINDER,0,0.0
pay_0191,merch_101,cust_1182,999,INR,netbanking,timeout,FAILED,1,0.2,52,0,1,RETRY_PAYMENT,1,999.0
pay_0192,merch_103,cust_1006,4999,INR,netbanking,bank_declined,FAILED,2,0.21,23,0,1,SEND_REMINDER,1,4999.0
pay_0193,merch_105,cust_1184,15000,INR,wallet,bank_declined,FAILED,2,0.16,82,0,1,SEND_PAYMENT_LINK,1,15000.0
pay_0194,merch_105,cust_1132,4999,INR,card,timeout,FAILED,3,0.6,34,1,1,RETRY_PAYMENT,0,0.0
pay_0195,merch_100,cust_1031,25000,INR,card,authentication_failure,FAILED,1,0.24,58,1,1,SEND_PAYMENT_LINK,0,0.0
pay_0196,merch_104,cust_1072,499,INR,netbanking,insufficient_funds,FAILED,3,0.91,71,0,0,STOP,0,0.0
pay_0197,merch_105,cust_1077,25000,INR,upi,timeout,FAILED,3,0.24,149,0,1,RETRY_PAYMENT,1,25000.0
pay_0198,merch_104,cust_1184,4999,INR,upi,temporary_network_error,FAILED,1,0.14,165,1,1,RETRY_PAYMENT,1,4999.0
pay_0199,merch_104,cust_1106,199,INR,wallet,limit_exceeded,FAILED,2,0.35,78,1,1,SEND_REMINDER,1,199.0
pay_0200,merch_105,cust_1103,2999,INR,wallet,temporary_network_error,FAILED,3,0.15,113,1,1,RETRY_PAYMENT,1,2999.0
pay_0201,merch_101,cust_1087,999,INR,netbanking,limit_exceeded,FAILED,1,0.72,89,1,1,SEND_REMINDER,1,999.0
pay_0202,merch_102,cust_1131,25000,INR,upi,authentication_failure,FAILED,1,0.5,69,1,1,SEND_PAYMENT_LINK,1,25000.0
pay_0203,merch_100,cust_1012,2999,INR,wallet,timeout,FAILED,2,0.31,41,1,1,RETRY_PAYMENT,0,0.0
pay_0204,merch_105,cust_1080,1499,INR,card,bank_declined,FAILED,2,0.5,79,1,1,SEND_REMINDER,1,1499.0
pay_0205,merch_103,cust_1129,15000,INR,card,insufficient_funds,FAILED,2,0.4,13,1,1,SEND_PAYMENT_LINK,0,0.0
pay_0206,merch_105,cust_1172,15000,INR,netbanking,timeout,FAILED,1,0.82,111,0,1,RETRY_PAYMENT,1,15000.0
pay_0207,merch_105,cust_1093,9999,INR,netbanking,temporary_network_error,FAILED,2,0.14,144,0,1,RETRY_PAYMENT,1,9999.0
pay_0208,merch_102,cust_1018,9999,INR,wallet,timeout,FAILED,1,0.8,160,0,1,RETRY_PAYMENT,1,9999.0
pay_0209,merch_100,cust_1100,4999,INR,netbanking,timeout,FAILED,1,0.74,51,1,1,RETRY_PAYMENT,1,4999.0
pay_0210,merch_100,cust_1009,999,INR,netbanking,bank_declined,FAILED,2,0.49,156,0,1,SEND_REMINDER,1,999.0
pay_0211,merch_104,cust_1081,999,INR,wallet,timeout,FAILED,3,0.82,152,1,1,RETRY_PAYMENT,1,999.0
pay_0212,merch_104,cust_1136,15000,INR,netbanking,bank_declined,FAILED,1,0.41,173,0,1,SEND_PAYMENT_LINK,0,0.0
pay_0213,merch_104,cust_1078,199,INR,wallet,authentication_failure,FAILED,3,0.77,149,0,1,SEND_REMINDER,0,0.0
pay_0214,merch_104,cust_1122,999,INR,wallet,insufficient_funds,FAILED,3,0.31,147,0,0,STOP,0,0.0
pay_0215,merch_101,cust_1004,15000,INR,netbanking,bank_declined,FAILED,1,0.45,53,1,1,SEND_PAYMENT_LINK,0,0.0
pay_0216,merch_104,cust_1120,199,INR,card,timeout,FAILED,1,0.58,170,1,1,RETRY_PAYMENT,1,199.0
pay_0217,merch_102,cust_1044,15000,INR,netbanking,timeout,FAILED,1,0.67,175,1,1,RETRY_PAYMENT,1,15000.0
pay_0218,merch_101,cust_1063,2999,INR,netbanking,insufficient_funds,FAILED,1,0.76,54,1,1,SEND_PAYMENT_LINK,1,2999.0
pay_0219,merch_102,cust_1143,2999,INR,netbanking,temporary_network_error,FAILED,2,0.68,98,1,1,RETRY_PAYMENT,0,0.0
pay_0220,merch_101,cust_1074,199,INR,netbanking,limit_exceeded,FAILED,1,0.39,114,1,1,SEND_REMINDER,0,0.0
pay_0221,merch_101,cust_1051,25000,INR,netbanking,timeout,FAILED,3,0.33,28,0,1,RETRY_PAYMENT,1,25000.0
pay_0222,merch_105,cust_1135,1499,INR,card,temporary_network_error,FAILED,1,0.45,121,0,1,RETRY_PAYMENT,1,1499.0
pay_0223,merch_101,cust_1001,25000,INR,card,bank_declined,FAILED,3,0.89,122,1,1,SEND_PAYMENT_LINK,0,0.0
pay_0224,merch_102,cust_1082,2999,INR,upi,temporary_network_error,FAILED,3,0.59,137,0,1,RETRY_PAYMENT,0,0.0
pay_0225,merch_101,cust_1106,999,INR,upi,bank_declined,FAILED,2,0.26,75,0,1,SEND_REMINDER,1,999.0
pay_0226,merch_104,cust_1154,499,INR,netbanking,authentication_failure,FAILED,2,0.94,140,1,1,SEND_REMINDER,0,0.0
pay_0227,merch_101,cust_1129,15000,INR,netbanking,insufficient_funds,FAILED,1,0.38,118,1,1,SEND_PAYMENT_LINK,0,0.0
pay_0228,merch_100,cust_1188,4999,INR,netbanking,timeout,FAILED,3,0.74,45,1,1,RETRY_PAYMENT,0,0.0
pay_0229,merch_104,cust_1083,499,INR,wallet,limit_exceeded,FAILED,1,0.26,36,1,1,SEND_REMINDER,0,0.0
pay_0230,merch_101,cust_1001,2999,INR,wallet,insufficient_funds,FAILED,2,0.74,85,1,1,SEND_PAYMENT_LINK,0,0.0
pay_0231,merch_104,cust_1002,2999,INR,netbanking,limit_exceeded,FAILED,1,0.15,31,1,1,SEND_REMINDER,0,0.0
pay_0232,merch_103,cust_1175,25000,INR,netbanking,limit_exceeded,FAILED,1,0.64,76,1,1,SEND_PAYMENT_LINK,0,0.0
pay_0233,merch_101,cust_1034,15000,INR,card,bank_declined,FAILED,3,0.94,96,1,1,SEND_PAYMENT_LINK,0,0.0
pay_0234,merch_103,cust_1193,25000,INR,card,insufficient_funds,FAILED,3,0.74,21,1,0,STOP,0,0.0
pay_0235,merch_104,cust_1180,4999,INR,upi,timeout,FAILED,1,0.15,141,0,1,RETRY_PAYMENT,1,4999.0
pay_0236,merch_101,cust_1042,4999,INR,wallet,temporary_network_error,FAILED,3,0.27,150,1,1,RETRY_PAYMENT,1,4999.0
pay_0237,merch_104,cust_1114,199,INR,wallet,insufficient_funds,FAILED,2,0.45,145,0,1,SEND_PAYMENT_LINK,0,0.0
pay_0238,merch_105,cust_1078,199,INR,wallet,authentication_failure,FAILED,1,0.73,149,0,1,SEND_REMINDER,1,199.0
pay_0239,merch_102,cust_1179,499,INR,upi,temporary_network_error,FAILED,2,0.13,105,0,1,RETRY_PAYMENT,1,499.0
pay_0240,merch_105,cust_1186,9999,INR,netbanking,bank_declined,FAILED,2,0.84,97,1,1,SEND_PAYMENT_LINK,1,9999.0
pay_0241,merch_105,cust_1138,999,INR,netbanking,temporary_network_error,FAILED,1,0.94,101,0,1,RETRY_PAYMENT,1,999.0
pay_0242,merch_101,cust_1000,199,INR,netbanking,bank_declined,FAILED,3,0.71,109,1,1,SEND_REMINDER,0,0.0
pay_0243,merch_101,cust_1117,4999,INR,card,authentication_failure,FAILED,1,0.9,29,0,1,SEND_REMINDER,0,0.0
pay_0244,merch_103,cust_1157,199,INR,card,insufficient_funds,FAILED,1,0.19,9,1,1,SEND_PAYMENT_LINK,0,0.0
pay_0245,merch_105,cust_1012,1499,INR,upi,bank_declined,FAILED,2,0.3,56,0,1,SEND_REMINDER,1,1499.0
pay_0246,merch_102,cust_1059,4999,INR,netbanking,insufficient_funds,FAILED,1,0.84,170,0,1,SEND_PAYMENT_LINK,1,4999.0
pay_0247,merch_102,cust_1015,25000,INR,card,limit_exceeded,FAILED,3,0.46,127,0,0,STOP,0,0.0
pay_0248,merch_102,cust_1164,9999,INR,netbanking,limit_exceeded,FAILED,2,0.45,77,1,1,SEND_PAYMENT_LINK,1,9999.0
pay_0249,merch_104,cust_1121,1499,INR,card,authentication_failure,FAILED,3,0.22,119,0,0,STOP,0,0.0
pay_0250,merch_104,cust_1105,9999,INR,card,bank_declined,FAILED,1,0.32,85,0,1,SEND_PAYMENT_LINK,0,0.0
pay_0251,merch_102,cust_1023,25000,INR,card,temporary_network_error,FAILED,1,0.42,155,0,1,RETRY_PAYMENT,0,0.0
pay_0252,merch_101,cust_1194,25000,INR,card,bank_declined,FAILED,1,0.84,86,1,1,SEND_PAYMENT_LINK,0,0.0
pay_0253,merch_100,cust_1054,1499,INR,upi,limit_exceeded,FAILED,2,0.88,179,0,1,SEND_REMINDER,1,1499.0
pay_0254,merch_101,cust_1141,4999,INR,netbanking,bank_declined,FAILED,2,0.55,92,1,1,SEND_REMINDER,1,4999.0
pay_0255,merch_104,cust_1127,15000,INR,upi,limit_exceeded,FAILED,2,0.75,82,0,1,SEND_PAYMENT_LINK,1,15000.0
pay_0256,merch_103,cust_1011,1499,INR,card,temporary_network_error,FAILED,1,0.57,150,1,1,RETRY_PAYMENT,1,1499.0
pay_0257,merch_101,cust_1084,1499,INR,wallet,timeout,FAILED,1,0.52,168,1,1,RETRY_PAYMENT,1,1499.0
pay_0258,merch_103,cust_1185,15000,INR,wallet,insufficient_funds,FAILED,3,0.78,44,0,0,STOP,0,0.0
pay_0259,merch_105,cust_1139,15000,INR,card,timeout,FAILED,3,0.91,135,0,1,RETRY_PAYMENT,0,0.0
pay_0260,merch_100,cust_1171,199,INR,upi,bank_declined,FAILED,1,0.82,60,0,1,SEND_REMINDER,0,0.0
pay_0261,merch_100,cust_1055,25000,INR,wallet,authentication_failure,FAILED,1,0.63,171,1,1,SEND_PAYMENT_LINK,0,0.0
pay_0262,merch_100,cust_1001,25000,INR,wallet,temporary_network_error,FAILED,1,0.55,71,1,1,RETRY_PAYMENT,1,25000.0
pay_0263,merch_105,cust_1172,9999,INR,card,temporary_network_error,FAILED,1,0.55,62,0,1,RETRY_PAYMENT,1,9999.0
pay_0264,merch_102,cust_1090,2999,INR,wallet,temporary_network_error,FAILED,1,0.92,118,0,1,RETRY_PAYMENT,0,0.0
pay_0265,merch_101,cust_1076,499,INR,upi,temporary_network_error,FAILED,2,0.42,142,1,1,RETRY_PAYMENT,1,499.0
pay_0266,merch_100,cust_1179,999,INR,upi,bank_declined,FAILED,2,0.65,85,0,1,SEND_REMINDER,0,0.0
pay_0267,merch_100,cust_1058,1499,INR,wallet,authentication_failure,FAILED,1,0.89,176,1,1,SEND_REMINDER,0,0.0
pay_0268,merch_104,cust_1168,199,INR,card,authentication_failure,FAILED,1,0.92,151,0,1,SEND_REMINDER,0,0.0
pay_0269,merch_105,cust_1101,499,INR,netbanking,insufficient_funds,FAILED,2,0.3,100,1,1,SEND_PAYMENT_LINK,0,0.0
pay_0270,merch_105,cust_1035,499,INR,netbanking,temporary_network_error,FAILED,1,0.47,20,1,1,RETRY_PAYMENT,1,499.0
pay_0271,merch_104,cust_1152,9999,INR,netbanking,temporary_network_error,FAILED,3,0.33,116,1,1,RETRY_PAYMENT,1,9999.0
pay_0272,merch_104,cust_1096,9999,INR,card,limit_exceeded,FAILED,2,0.66,22,1,1,SEND_PAYMENT_LINK,0,0.0
pay_0273,merch_105,cust_1018,499,INR,netbanking,insufficient_funds,FAILED,2,0.7,163,0,1,SEND_PAYMENT_LINK,0,0.0
pay_0274,merch_102,cust_1092,499,INR,upi,temporary_network_error,FAILED,1,0.48,70,0,1,RETRY_PAYMENT,1,499.0
pay_0275,merch_101,cust_1110,15000,INR,wallet,temporary_network_error,FAILED,1,0.18,142,0,1,RETRY_PAYMENT,1,15000.0
pay_0276,merch_102,cust_1098,199,INR,netbanking,bank_declined,FAILED,2,0.76,144,0,1,SEND_REMINDER,1,199.0
pay_0277,merch_101,cust_1175,9999,INR,card,insufficient_funds,FAILED,1,0.36,127,0,1,SEND_PAYMENT_LINK,1,9999.0
pay_0278,merch_103,cust_1070,9999,INR,netbanking,bank_declined,FAILED,1,0.41,64,1,1,SEND_PAYMENT_LINK,0,0.0
pay_0279,merch_101,cust_1117,499,INR,card,authentication_failure,FAILED,1,0.91,86,1,1,SEND_REMINDER,0,0.0
pay_0280,merch_102,cust_1112,4999,INR,wallet,limit_exceeded,FAILED,2,0.22,83,0,1,SEND_REMINDER,0,0.0
pay_0281,merch_101,cust_1101,4999,INR,netbanking,limit_exceeded,FAILED,3,0.64,148,0,0,STOP,0,0.0
pay_0282,merch_102,cust_1096,2999,INR,wallet,authentication_failure,FAILED,1,0.89,52,0,1,SEND_REMINDER,0,0.0
pay_0283,merch_104,cust_1006,15000,INR,card,bank_declined,FAILED,1,0.81,18,1,1,SEND_PAYMENT_LINK,0,0.0
pay_0284,merch_101,cust_1162,2999,INR,card,authentication_failure,FAILED,3,0.23,109,1,0,STOP,0,0.0
pay_0285,merch_100,cust_1114,15000,INR,wallet,timeout,FAILED,2,0.88,178,1,1,RETRY_PAYMENT,1,15000.0
pay_0286,merch_102,cust_1179,25000,INR,upi,temporary_network_error,FAILED,1,0.66,91,0,1,RETRY_PAYMENT,1,25000.0
pay_0287,merch_100,cust_1144,9999,INR,netbanking,bank_declined,FAILED,1,0.11,67,0,1,SEND_PAYMENT_LINK,0,0.0
pay_0288,merch_104,cust_1142,1499,INR,wallet,authentication_failure,FAILED,2,0.49,174,0,1,SEND_REMINDER,1,1499.0
pay_0289,merch_100,cust_1123,499,INR,netbanking,bank_declined,FAILED,1,0.2,37,1,1,SEND_REMINDER,1,499.0
pay_0290,merch_103,cust_1200,1499,INR,wallet,authentication_failure,FAILED,2,0.18,179,1,1,SEND_REMINDER,1,1499.0
pay_0291,merch_102,cust_1011,499,INR,upi,authentication_failure,FAILED,3,0.19,43,0,0,STOP,0,0.0
pay_0292,merch_104,cust_1044,25000,INR,card,authentication_failure,FAILED,2,0.46,119,0,1,SEND_PAYMENT_LINK,0,0.0
pay_0293,merch_105,cust_1047,999,INR,wallet,bank_declined,FAILED,1,0.73,51,1,1,SEND_REMINDER,1,999.0
pay_0294,merch_103,cust_1001,1499,INR,card,authentication_failure,FAILED,3,0.79,17,0,1,SEND_REMINDER,0,0.0
pay_0295,merch_104,cust_1047,4999,INR,netbanking,insufficient_funds,FAILED,2,0.2,172,1,1,SEND_PAYMENT_LINK,0,0.0
pay_0296,merch_105,cust_1080,9999,INR,wallet,timeout,FAILED,1,0.4,118,0,1,RETRY_PAYMENT,0,0.0
pay_0297,merch_105,cust_1076,499,INR,card,authentication_failure,FAILED,1,0.3,30,0,1,SEND_REMINDER,1,499.0
pay_0298,merch_101,cust_1130,9999,INR,wallet,timeout,FAILED,1,0.59,109,0,1,RETRY_PAYMENT,1,9999.0
pay_0299,merch_104,cust_1177,999,INR,card,bank_declined,FAILED,1,0.22,81,1,1,SEND_REMINDER,0,0.0
pay_0300,merch_102,cust_1002,15000,INR,card,insufficient_funds,FAILED,2,0.92,130,1,1,SEND_PAYMENT_LINK,1,15000.0
pay_0301,merch_103,cust_1106,15000,INR,wallet,insufficient_funds,FAILED,1,0.58,57,1,1,SEND_PAYMENT_LINK,1,15000.0
pay_0302,merch_101,cust_1137,2999,INR,card,bank_declined,FAILED,2,0.73,127,0,1,SEND_REMINDER,1,2999.0
pay_0303,merch_102,cust_1198,25000,INR,netbanking,timeout,FAILED,1,0.75,113,0,1,RETRY_PAYMENT,0,0.0
pay_0304,merch_100,cust_1188,1499,INR,netbanking,temporary_network_error,FAILED,2,0.32,23,1,1,RETRY_PAYMENT,0,0.0
pay_0305,merch_100,cust_1198,1499,INR,card,limit_exceeded,FAILED,2,0.69,157,1,1,SEND_REMINDER,1,1499.0
pay_0306,merch_101,cust_1200,1499,INR,card,temporary_network_error,FAILED,2,0.4,72,0,1,RETRY_PAYMENT,1,1499.0
pay_0307,merch_105,cust_1074,2999,INR,netbanking,timeout,FAILED,3,0.79,35,1,1,RETRY_PAYMENT,0,0.0
pay_0308,merch_102,cust_1167,999,INR,card,insufficient_funds,FAILED,1,0.7,64,1,1,SEND_PAYMENT_LINK,0,0.0
pay_0309,merch_104,cust_1161,2999,INR,wallet,bank_declined,FAILED,2,0.16,24,1,1,SEND_REMINDER,0,0.0
pay_0310,merch_102,cust_1177,4999,INR,wallet,bank_declined,FAILED,1,0.59,24,1,1,SEND_REMINDER,0,0.0
pay_0311,merch_105,cust_1091,499,INR,wallet,insufficient_funds,FAILED,2,0.8,127,1,1,SEND_PAYMENT_LINK,1,499.0
pay_0312,merch_102,cust_1086,25000,INR,card,timeout,FAILED,2,0.77,175,0,1,RETRY_PAYMENT,1,25000.0
pay_0313,merch_105,cust_1200,15000,INR,upi,temporary_network_error,FAILED,1,0.48,1,1,1,RETRY_PAYMENT,1,15000.0
pay_0314,merch_105,cust_1033,2999,INR,card,authentication_failure,FAILED,1,0.66,65,0,1,SEND_REMINDER,1,2999.0
pay_0315,merch_105,cust_1042,199,INR,wallet,limit_exceeded,FAILED,1,0.72,60,1,1,SEND_REMINDER,0,0.0
pay_0316,merch_105,cust_1024,199,INR,card,bank_declined,FAILED,1,0.21,58,1,1,SEND_REMINDER,1,199.0
pay_0317,merch_105,cust_1087,499,INR,wallet,limit_exceeded,FAILED,1,0.51,59,1,1,SEND_REMINDER,1,499.0
pay_0318,merch_100,cust_1026,4999,INR,netbanking,authentication_failure,FAILED,1,0.43,35,0,1,SEND_REMINDER,1,4999.0
pay_0319,merch_104,cust_1002,999,INR,wallet,authentication_failure,FAILED,3,0.28,39,1,0,STOP,0,0.0
pay_0320,merch_104,cust_1175,15000,INR,card,temporary_network_error,FAILED,1,0.22,32,1,1,RETRY_PAYMENT,1,15000.0
pay_0321,merch_103,cust_1080,999,INR,card,authentication_failure,FAILED,3,0.17,142,1,0,STOP,0,0.0
pay_0322,merch_105,cust_1006,2999,INR,card,timeout,FAILED,2,0.53,101,1,1,RETRY_PAYMENT,1,2999.0
pay_0323,merch_101,cust_1126,9999,INR,upi,insufficient_funds,FAILED,2,0.64,19,0,1,SEND_PAYMENT_LINK,0,0.0
pay_0324,merch_102,cust_1033,9999,INR,wallet,authentication_failure,FAILED,2,0.68,121,0,1,SEND_PAYMENT_LINK,1,9999.0
pay_0325,merch_100,cust_1003,2999,INR,card,temporary_network_error,FAILED,1,0.91,102,1,1,RETRY_PAYMENT,1,2999.0
pay_0326,merch_104,cust_1196,9999,INR,wallet,limit_exceeded,FAILED,2,0.17,138,0,1,SEND_PAYMENT_LINK,1,9999.0
pay_0327,merch_102,cust_1020,25000,INR,card,insufficient_funds,FAILED,2,0.38,151,0,1,SEND_PAYMENT_LINK,0,0.0
pay_0328,merch_103,cust_1186,1499,INR,upi,insufficient_funds,FAILED,1,0.89,30,1,1,SEND_PAYMENT_LINK,0,0.0
pay_0329,merch_100,cust_1079,999,INR,upi,temporary_network_error,FAILED,3,0.22,3,0,1,RETRY_PAYMENT,1,999.0
pay_0330,merch_102,cust_1133,25000,INR,netbanking,insufficient_funds,FAILED,1,0.21,69,0,1,SEND_PAYMENT_LINK,0,0.0
pay_0331,merch_100,cust_1085,9999,INR,netbanking,timeout,FAILED,1,0.32,148,0,1,RETRY_PAYMENT,1,9999.0
pay_0332,merch_104,cust_1092,199,INR,wallet,timeout,FAILED,1,0.41,66,0,1,RETRY_PAYMENT,0,0.0
pay_0333,merch_105,cust_1185,499,INR,card,limit_exceeded,FAILED,2,0.1,4,0,1,SEND_REMINDER,1,499.0
pay_0334,merch_102,cust_1098,999,INR,card,temporary_network_error,FAILED,2,0.78,168,1,1,RETRY_PAYMENT,1,999.0
pay_0335,merch_101,cust_1106,4999,INR,netbanking,temporary_network_error,FAILED,2,0.42,129,0,1,RETRY_PAYMENT,1,4999.0
pay_0336,merch_104,cust_1011,9999,INR,upi,bank_declined,FAILED,1,0.76,80,1,1,SEND_PAYMENT_LINK,1,9999.0
pay_0337,merch_103,cust_1002,4999,INR,card,authentication_failure,FAILED,2,0.77,160,0,1,SEND_REMINDER,1,4999.0
pay_0338,merch_104,cust_1126,1499,INR,card,insufficient_funds,FAILED,1,0.89,7,0,1,SEND_PAYMENT_LINK,0,0.0
pay_0339,merch_105,cust_1177,199,INR,netbanking,temporary_network_error,FAILED,3,0.42,79,0,1,RETRY_PAYMENT,1,199.0
pay_0340,merch_101,cust_1107,15000,INR,upi,insufficient_funds,FAILED,3,0.34,12,0,0,STOP,0,0.0
pay_0341,merch_104,cust_1105,4999,INR,wallet,limit_exceeded,FAILED,1,0.59,130,0,1,SEND_REMINDER,0,0.0
pay_0342,merch_103,cust_1019,199,INR,wallet,limit_exceeded,FAILED,1,0.3,67,1,1,SEND_REMINDER,0,0.0
pay_0343,merch_103,cust_1179,4999,INR,netbanking,bank_declined,FAILED,1,0.3,52,0,1,SEND_REMINDER,0,0.0
pay_0344,merch_104,cust_1027,999,INR,upi,insufficient_funds,FAILED,2,0.5,105,0,1,SEND_PAYMENT_LINK,0,0.0
pay_0345,merch_101,cust_1115,2999,INR,wallet,authentication_failure,FAILED,1,0.18,176,1,1,SEND_REMINDER,0,0.0
pay_0346,merch_105,cust_1154,199,INR,card,authentication_failure,FAILED,1,0.18,64,1,1,SEND_REMINDER,1,199.0
pay_0347,merch_100,cust_1173,2999,INR,netbanking,insufficient_funds,FAILED,1,0.91,116,0,1,SEND_PAYMENT_LINK,1,2999.0
pay_0348,merch_100,cust_1035,499,INR,upi,temporary_network_error,FAILED,1,0.21,103,1,1,RETRY_PAYMENT,1,499.0
pay_0349,merch_105,cust_1021,2999,INR,upi,temporary_network_error,FAILED,1,0.27,166,1,1,RETRY_PAYMENT,0,0.0
pay_0350,merch_100,cust_1084,499,INR,upi,bank_declined,FAILED,1,0.24,147,1,1,SEND_REMINDER,0,0.0
pay_0351,merch_103,cust_1127,199,INR,wallet,limit_exceeded,FAILED,2,0.25,55,0,1,SEND_REMINDER,1,199.0
pay_0352,merch_103,cust_1038,199,INR,card,limit_exceeded,FAILED,1,0.52,141,1,1,SEND_REMINDER,1,199.0
pay_0353,merch_102,cust_1098,999,INR,wallet,insufficient_funds,FAILED,3,0.85,135,0,0,STOP,0,0.0
pay_0354,merch_105,cust_1139,199,INR,wallet,limit_exceeded,FAILED,1,0.51,125,1,1,SEND_REMINDER,0,0.0
pay_0355,merch_104,cust_1082,9999,INR,netbanking,insufficient_funds,FAILED,1,0.37,57,0,1,SEND_PAYMENT_LINK,0,0.0
pay_0356,merch_102,cust_1014,15000,INR,netbanking,timeout,FAILED,1,0.93,26,0,1,RETRY_PAYMENT,1,15000.0
pay_0357,merch_102,cust_1136,199,INR,card,timeout,FAILED,2,0.4,45,0,1,RETRY_PAYMENT,1,199.0
pay_0358,merch_102,cust_1188,4999,INR,upi,limit_exceeded,FAILED,3,0.4,146,0,0,STOP,0,0.0
pay_0359,merch_104,cust_1048,15000,INR,netbanking,insufficient_funds,FAILED,2,0.13,15,0,1,SEND_PAYMENT_LINK,0,0.0
pay_0360,merch_100,cust_1134,15000,INR,upi,authentication_failure,FAILED,2,0.27,34,1,1,SEND_PAYMENT_LINK,0,0.0
pay_0361,merch_102,cust_1015,199,INR,card,timeout,FAILED,3,0.88,29,1,1,RETRY_PAYMENT,0,0.0
pay_0362,merch_102,cust_1180,9999,INR,upi,authentication_failure,FAILED,1,0.37,41,1,1,SEND_PAYMENT_LINK,0,0.0
pay_0363,merch_103,cust_1166,4999,INR,card,limit_exceeded,FAILED,2,0.69,158,1,1,SEND_REMINDER,1,4999.0
pay_0364,merch_104,cust_1044,9999,INR,netbanking,limit_exceeded,FAILED,3,0.35,46,0,0,STOP,0,0.0
pay_0365,merch_105,cust_1146,9999,INR,upi,insufficient_funds,FAILED,2,0.37,157,0,1,SEND_PAYMENT_LINK,0,0.0
pay_0366,merch_100,cust_1127,999,INR,netbanking,limit_exceeded,FAILED,1,0.3,82,0,1,SEND_REMINDER,0,0.0
pay_0367,merch_100,cust_1181,4999,INR,wallet,temporary_network_error,FAILED,1,0.28,178,0,1,RETRY_PAYMENT,1,4999.0
pay_0368,merch_100,cust_1184,199,INR,upi,bank_declined,FAILED,2,0.72,43,1,1,SEND_REMINDER,1,199.0
pay_0369,merch_103,cust_1089,25000,INR,wallet,temporary_network_error,FAILED,2,0.77,148,0,1,RETRY_PAYMENT,1,25000.0
pay_0370,merch_100,cust_1008,2999,INR,upi,authentication_failure,FAILED,1,0.91,19,1,1,SEND_REMINDER,1,2999.0
pay_0371,merch_103,cust_1041,499,INR,upi,authentication_failure,FAILED,2,0.94,124,0,1,SEND_REMINDER,1,499.0
pay_0372,merch_105,cust_1042,9999,INR,card,temporary_network_error,FAILED,1,0.38,49,1,1,RETRY_PAYMENT,1,9999.0
pay_0373,merch_105,cust_1186,25000,INR,netbanking,limit_exceeded,FAILED,1,0.35,25,0,1,SEND_PAYMENT_LINK,0,0.0
pay_0374,merch_104,cust_1125,999,INR,upi,authentication_failure,FAILED,1,0.46,76,1,1,SEND_REMINDER,1,999.0
pay_0375,merch_100,cust_1052,999,INR,netbanking,temporary_network_error,FAILED,2,0.82,79,1,1,RETRY_PAYMENT,1,999.0
pay_0376,merch_105,cust_1067,499,INR,wallet,insufficient_funds,FAILED,1,0.85,95,0,1,SEND_PAYMENT_LINK,1,499.0
pay_0377,merch_102,cust_1112,15000,INR,netbanking,insufficient_funds,FAILED,1,0.58,39,0,1,SEND_PAYMENT_LINK,1,15000.0
pay_0378,merch_102,cust_1138,9999,INR,card,timeout,FAILED,1,0.81,134,1,1,RETRY_PAYMENT,0,0.0
pay_0379,merch_105,cust_1121,1499,INR,wallet,authentication_failure,FAILED,1,0.44,9,0,1,SEND_REMINDER,1,1499.0
pay_0380,merch_103,cust_1044,999,INR,card,insufficient_funds,FAILED,1,0.14,21,1,1,SEND_PAYMENT_LINK,1,999.0
pay_0381,merch_105,cust_1037,2999,INR,netbanking,limit_exceeded,FAILED,1,0.17,143,1,1,SEND_REMINDER,0,0.0
pay_0382,merch_102,cust_1133,15000,INR,upi,limit_exceeded,FAILED,2,0.6,108,0,1,SEND_PAYMENT_LINK,0,0.0
pay_0383,merch_101,cust_1145,499,INR,upi,timeout,FAILED,1,0.77,138,1,1,RETRY_PAYMENT,1,499.0
pay_0384,merch_102,cust_1098,15000,INR,wallet,temporary_network_error,FAILED,1,0.33,37,1,1,RETRY_PAYMENT,1,15000.0
pay_0385,merch_102,cust_1176,1499,INR,upi,limit_exceeded,FAILED,2,0.88,96,0,1,SEND_REMINDER,1,1499.0
pay_0386,merch_102,cust_1079,2999,INR,wallet,limit_exceeded,FAILED,3,0.18,59,0,0,STOP,0,0.0
pay_0387,merch_102,cust_1190,15000,INR,netbanking,authentication_failure,FAILED,3,0.45,166,0,0,STOP,0,0.0
pay_0388,merch_101,cust_1113,1499,INR,wallet,limit_exceeded,FAILED,2,0.75,96,0,1,SEND_REMINDER,0,0.0
pay_0389,merch_101,cust_1016,2999,INR,wallet,insufficient_funds,FAILED,2,0.85,8,0,1,SEND_PAYMENT_LINK,1,2999.0
pay_0390,merch_101,cust_1014,1499,INR,upi,bank_declined,FAILED,1,0.88,51,1,1,SEND_REMINDER,1,1499.0
pay_0391,merch_103,cust_1129,9999,INR,upi,limit_exceeded,FAILED,1,0.31,126,1,1,SEND_PAYMENT_LINK,1,9999.0
pay_0392,merch_103,cust_1150,25000,INR,netbanking,authentication_failure,FAILED,1,0.81,67,0,1,SEND_PAYMENT_LINK,1,25000.0
pay_0393,merch_103,cust_1012,999,INR,card,insufficient_funds,FAILED,3,0.29,53,1,0,STOP,0,0.0
pay_0394,merch_105,cust_1104,25000,INR,upi,limit_exceeded,FAILED,1,0.5,34,0,1,SEND_PAYMENT_LINK,0,0.0
pay_0395,merch_100,cust_1057,2999,INR,netbanking,limit_exceeded,FAILED,3,0.65,109,1,0,STOP,0,0.0
pay_0396,merch_102,cust_1117,2999,INR,card,bank_declined,FAILED,1,0.68,160,1,1,SEND_REMINDER,0,0.0
pay_0397,merch_100,cust_1130,4999,INR,netbanking,authentication_failure,FAILED,3,0.19,17,1,0,STOP,0,0.0
pay_0398,merch_102,cust_1163,4999,INR,netbanking,authentication_failure,FAILED,3,0.7,167,1,0,STOP,0,0.0
pay_0399,merch_101,cust_1038,25000,INR,card,temporary_network_error,FAILED,2,0.44,82,0,1,RETRY_PAYMENT,1,25000.0
pay_0400,merch_105,cust_1127,2999,INR,netbanking,bank_declined,FAILED,2,0.43,10,0,1,SEND_REMINDER,1,2999.0
pay_0401,merch_105,cust_1056,25000,INR,wallet,limit_exceeded,FAILED,1,0.53,44,0,1,SEND_PAYMENT_LINK,1,25000.0
pay_0402,merch_103,cust_1032,2999,INR,card,limit_exceeded,FAILED,1,0.66,57,1,1,SEND_REMINDER,1,2999.0
pay_0403,merch_102,cust_1107,4999,INR,netbanking,authentication_failure,FAILED,2,0.35,31,1,1,SEND_REMINDER,1,4999.0
pay_0404,merch_105,cust_1149,499,INR,wallet,insufficient_funds,FAILED,2,0.2,175,1,1,SEND_PAYMENT_LINK,0,0.0
pay_0405,merch_103,cust_1013,999,INR,card,insufficient_funds,FAILED,1,0.45,146,1,1,SEND_PAYMENT_LINK,1,999.0
pay_0406,merch_105,cust_1046,499,INR,wallet,authentication_failure,FAILED,3,0.94,81,0,1,SEND_REMINDER,1,499.0
pay_0407,merch_102,cust_1053,999,INR,card,bank_declined,FAILED,1,0.21,112,1,1,SEND_REMINDER,1,999.0
pay_0408,merch_103,cust_1098,199,INR,upi,timeout,FAILED,1,0.72,4,1,1,RETRY_PAYMENT,1,199.0
pay_0409,merch_104,cust_1048,199,INR,upi,limit_exceeded,FAILED,3,0.31,178,1,0,STOP,0,0.0
pay_0410,merch_102,cust_1033,499,INR,wallet,timeout,FAILED,2,0.36,17,0,1,RETRY_PAYMENT,1,499.0
pay_0411,merch_102,cust_1116,25000,INR,netbanking,bank_declined,FAILED,3,0.95,88,1,1,SEND_PAYMENT_LINK,0,0.0
pay_0412,merch_101,cust_1042,9999,INR,upi,insufficient_funds,FAILED,1,0.72,34,0,1,SEND_PAYMENT_LINK,0,0.0
pay_0413,merch_104,cust_1129,999,INR,upi,authentication_failure,FAILED,3,0.65,10,1,0,STOP,0,0.0
pay_0414,merch_105,cust_1065,25000,INR,upi,timeout,FAILED,1,0.66,168,0,1,RETRY_PAYMENT,1,25000.0
pay_0415,merch_100,cust_1106,15000,INR,wallet,temporary_network_error,FAILED,2,0.31,180,0,1,RETRY_PAYMENT,1,15000.0
pay_0416,merch_105,cust_1161,199,INR,netbanking,bank_declined,FAILED,3,0.19,134,1,0,STOP,0,0.0
pay_0417,merch_104,cust_1155,999,INR,wallet,temporary_network_error,FAILED,2,0.71,31,1,1,RETRY_PAYMENT,1,999.0
pay_0418,merch_100,cust_1127,1499,INR,card,authentication_failure,FAILED,2,0.93,92,1,1,SEND_REMINDER,1,1499.0
pay_0419,merch_100,cust_1140,15000,INR,card,limit_exceeded,FAILED,2,0.38,1,0,1,SEND_PAYMENT_LINK,0,0.0
pay_0420,merch_100,cust_1146,15000,INR,card,temporary_network_error,FAILED,2,0.16,26,1,1,RETRY_PAYMENT,1,15000.0
pay_0421,merch_103,cust_1075,2999,INR,wallet,temporary_network_error,FAILED,1,0.79,11,1,1,RETRY_PAYMENT,1,2999.0
pay_0422,merch_105,cust_1080,9999,INR,upi,temporary_network_error,FAILED,1,0.11,36,0,1,RETRY_PAYMENT,1,9999.0
pay_0423,merch_103,cust_1159,2999,INR,upi,authentication_failure,FAILED,1,0.26,103,1,1,SEND_REMINDER,0,0.0
pay_0424,merch_102,cust_1098,15000,INR,wallet,limit_exceeded,FAILED,1,0.2,179,0,1,SEND_PAYMENT_LINK,0,0.0
pay_0425,merch_101,cust_1026,9999,INR,wallet,timeout,FAILED,3,0.47,157,1,1,RETRY_PAYMENT,0,0.0
pay_0426,merch_104,cust_1007,999,INR,wallet,bank_declined,FAILED,1,0.85,113,0,1,SEND_REMINDER,1,999.0
pay_0427,merch_105,cust_1080,199,INR,card,limit_exceeded,FAILED,1,0.54,177,0,1,SEND_REMINDER,0,0.0
pay_0428,merch_105,cust_1063,15000,INR,netbanking,limit_exceeded,FAILED,3,0.65,39,0,0,STOP,0,0.0
pay_0429,merch_100,cust_1164,999,INR,wallet,bank_declined,FAILED,1,0.16,126,1,1,SEND_REMINDER,1,999.0
pay_0430,merch_102,cust_1012,25000,INR,card,timeout,FAILED,3,0.42,61,0,1,RETRY_PAYMENT,1,25000.0
pay_0431,merch_104,cust_1114,499,INR,wallet,bank_declined,FAILED,1,0.2,128,0,1,SEND_REMINDER,1,499.0
pay_0432,merch_103,cust_1009,25000,INR,upi,temporary_network_error,FAILED,2,0.92,164,1,1,RETRY_PAYMENT,1,25000.0
pay_0433,merch_104,cust_1052,15000,INR,netbanking,authentication_failure,FAILED,1,0.79,117,1,1,SEND_PAYMENT_LINK,1,15000.0
pay_0434,merch_104,cust_1153,15000,INR,netbanking,limit_exceeded,FAILED,2,0.2,169,0,1,SEND_PAYMENT_LINK,1,15000.0
pay_0435,merch_102,cust_1162,2999,INR,netbanking,limit_exceeded,FAILED,1,0.14,43,1,1,SEND_REMINDER,1,2999.0
pay_0436,merch_105,cust_1190,9999,INR,upi,authentication_failure,FAILED,2,0.27,31,1,1,SEND_PAYMENT_LINK,1,9999.0
pay_0437,merch_101,cust_1183,4999,INR,upi,bank_declined,FAILED,1,0.89,173,0,1,SEND_REMINDER,0,0.0
pay_0438,merch_103,cust_1117,25000,INR,card,bank_declined,FAILED,1,0.55,13,1,1,SEND_PAYMENT_LINK,0,0.0
pay_0439,merch_103,cust_1130,999,INR,card,limit_exceeded,FAILED,1,0.19,169,1,1,SEND_REMINDER,0,0.0
pay_0440,merch_103,cust_1107,1499,INR,netbanking,bank_declined,FAILED,1,0.92,116,0,1,SEND_REMINDER,1,1499.0
pay_0441,merch_104,cust_1179,25000,INR,netbanking,limit_exceeded,FAILED,2,0.83,142,0,1,SEND_PAYMENT_LINK,1,25000.0
pay_0442,merch_104,cust_1182,2999,INR,netbanking,limit_exceeded,FAILED,1,0.93,167,0,1,SEND_REMINDER,0,0.0
pay_0443,merch_105,cust_1163,4999,INR,upi,authentication_failure,FAILED,2,0.51,147,1,1,SEND_REMINDER,0,0.0
pay_0444,merch_104,cust_1073,9999,INR,upi,timeout,FAILED,1,0.12,38,0,1,RETRY_PAYMENT,1,9999.0
pay_0445,merch_101,cust_1068,999,INR,netbanking,limit_exceeded,FAILED,1,0.22,16,1,1,SEND_REMINDER,1,999.0
pay_0446,merch_104,cust_1008,4999,INR,wallet,temporary_network_error,FAILED,2,0.84,144,0,1,RETRY_PAYMENT,1,4999.0
pay_0447,merch_104,cust_1099,1499,INR,netbanking,limit_exceeded,FAILED,3,0.14,98,1,0,STOP,0,0.0
pay_0448,merch_103,cust_1175,4999,INR,upi,temporary_network_error,FAILED,3,0.31,159,1,1,RETRY_PAYMENT,0,0.0
pay_0449,merch_105,cust_1180,4999,INR,card,limit_exceeded,FAILED,1,0.35,46,0,1,SEND_REMINDER,1,4999.0
pay_0450,merch_101,cust_1188,25000,INR,upi,bank_declined,FAILED,1,0.46,143,1,1,SEND_PAYMENT_LINK,1,25000.0
pay_0451,merch_104,cust_1065,199,INR,netbanking,bank_declined,FAILED,3,0.9,11,0,1,SEND_REMINDER,0,0.0
pay_0452,merch_104,cust_1013,2999,INR,wallet,timeout,FAILED,2,0.4,82,0,1,RETRY_PAYMENT,0,0.0
pay_0453,merch_104,cust_1017,25000,INR,card,bank_declined,FAILED,2,0.56,24,1,1,SEND_PAYMENT_LINK,1,25000.0
pay_0454,merch_101,cust_1169,4999,INR,netbanking,authentication_failure,FAILED,1,0.29,159,1,1,SEND_REMINDER,0,0.0
pay_0455,merch_105,cust_1002,499,INR,netbanking,bank_declined,FAILED,1,0.87,158,0,1,SEND_REMINDER,0,0.0
pay_0456,merch_105,cust_1082,9999,INR,upi,bank_declined,FAILED,1,0.56,73,0,1,SEND_PAYMENT_LINK,0,0.0
pay_0457,merch_102,cust_1131,25000,INR,wallet,bank_declined,FAILED,1,0.35,167,0,1,SEND_PAYMENT_LINK,1,25000.0
pay_0458,merch_100,cust_1024,999,INR,upi,limit_exceeded,FAILED,1,0.28,162,0,1,SEND_REMINDER,0,0.0
pay_0459,merch_103,cust_1026,1499,INR,wallet,limit_exceeded,FAILED,1,0.73,40,0,1,SEND_REMINDER,0,0.0
pay_0460,merch_102,cust_1009,499,INR,upi,temporary_network_error,FAILED,1,0.78,143,0,1,RETRY_PAYMENT,1,499.0
pay_0461,merch_101,cust_1066,9999,INR,wallet,bank_declined,FAILED,3,0.44,81,0,0,STOP,0,0.0
pay_0462,merch_103,cust_1172,499,INR,upi,limit_exceeded,FAILED,3,0.63,150,0,0,STOP,0,0.0
pay_0463,merch_105,cust_1018,4999,INR,upi,authentication_failure,FAILED,3,0.36,23,1,0,STOP,0,0.0
pay_0464,merch_103,cust_1097,9999,INR,upi,bank_declined,FAILED,1,0.55,35,1,1,SEND_PAYMENT_LINK,0,0.0
pay_0465,merch_104,cust_1075,999,INR,netbanking,limit_exceeded,FAILED,3,0.65,3,0,0,STOP,0,0.0
pay_0466,merch_100,cust_1010,199,INR,wallet,timeout,FAILED,2,0.9,79,0,1,RETRY_PAYMENT,1,199.0
pay_0467,merch_105,cust_1088,1499,INR,wallet,limit_exceeded,FAILED,2,0.22,48,0,1,SEND_REMINDER,0,0.0
pay_0468,merch_102,cust_1049,499,INR,card,limit_exceeded,FAILED,2,0.82,141,1,1,SEND_REMINDER,0,0.0
pay_0469,merch_100,cust_1074,499,INR,netbanking,temporary_network_error,FAILED,1,0.72,125,1,1,RETRY_PAYMENT,1,499.0
pay_0470,merch_105,cust_1167,1499,INR,upi,authentication_failure,FAILED,2,0.16,50,1,1,SEND_REMINDER,1,1499.0
pay_0471,merch_102,cust_1157,2999,INR,card,timeout,FAILED,2,0.41,81,1,1,RETRY_PAYMENT,1,2999.0
pay_0472,merch_102,cust_1063,1499,INR,wallet,authentication_failure,FAILED,1,0.21,85,1,1,SEND_REMINDER,1,1499.0
pay_0473,merch_102,cust_1198,2999,INR,wallet,timeout,FAILED,1,0.25,156,0,1,RETRY_PAYMENT,0,0.0
pay_0474,merch_101,cust_1137,1499,INR,netbanking,limit_exceeded,FAILED,3,0.16,20,0,0,STOP,0,0.0
pay_0475,merch_104,cust_1161,199,INR,wallet,timeout,FAILED,1,0.87,142,1,1,RETRY_PAYMENT,1,199.0
pay_0476,merch_104,cust_1120,999,INR,netbanking,bank_declined,FAILED,1,0.86,151,1,1,SEND_REMINDER,1,999.0
pay_0477,merch_104,cust_1130,499,INR,wallet,authentication_failure,FAILED,2,0.11,62,0,1,SEND_REMINDER,0,0.0
pay_0478,merch_101,cust_1114,999,INR,card,timeout,FAILED,2,0.66,38,1,1,RETRY_PAYMENT,0,0.0
pay_0479,merch_100,cust_1056,15000,INR,card,temporary_network_error,FAILED,1,0.41,11,0,1,RETRY_PAYMENT,1,15000.0
pay_0480,merch_102,cust_1099,15000,INR,wallet,temporary_network_error,FAILED,1,0.93,83,0,1,RETRY_PAYMENT,1,15000.0
pay_0481,merch_104,cust_1162,2999,INR,netbanking,timeout,FAILED,2,0.58,97,1,1,RETRY_PAYMENT,1,2999.0
pay_0482,merch_105,cust_1019,25000,INR,netbanking,bank_declined,FAILED,1,0.54,91,1,1,SEND_PAYMENT_LINK,1,25000.0
pay_0483,merch_103,cust_1154,199,INR,card,bank_declined,FAILED,1,0.3,132,1,1,SEND_REMINDER,1,199.0
pay_0484,merch_101,cust_1040,4999,INR,upi,limit_exceeded,FAILED,1,0.45,85,0,1,SEND_REMINDER,0,0.0
pay_0485,merch_103,cust_1122,1499,INR,card,limit_exceeded,FAILED,2,0.12,12,0,1,SEND_REMINDER,0,0.0
pay_0486,merch_101,cust_1034,25000,INR,upi,timeout,FAILED,1,0.15,67,0,1,RETRY_PAYMENT,1,25000.0
pay_0487,merch_103,cust_1153,199,INR,netbanking,temporary_network_error,FAILED,1,0.48,121,1,1,RETRY_PAYMENT,1,199.0
pay_0488,merch_103,cust_1153,999,INR,card,timeout,FAILED,3,0.53,43,1,1,RETRY_PAYMENT,0,0.0
pay_0489,merch_104,cust_1151,499,INR,card,bank_declined,FAILED,2,0.21,5,0,1,SEND_REMINDER,0,0.0
pay_0490,merch_104,cust_1175,9999,INR,card,timeout,FAILED,1,0.25,158,0,1,RETRY_PAYMENT,0,0.0
pay_0491,merch_104,cust_1128,499,INR,upi,bank_declined,FAILED,3,0.21,155,0,0,STOP,0,0.0
pay_0492,merch_105,cust_1166,9999,INR,wallet,authentication_failure,FAILED,1,0.69,110,0,1,SEND_PAYMENT_LINK,0,0.0
pay_0493,merch_103,cust_1196,9999,INR,netbanking,timeout,FAILED,3,0.87,179,0,1,RETRY_PAYMENT,1,9999.0
pay_0494,merch_102,cust_1122,1499,INR,upi,authentication_failure,FAILED,2,0.85,105,1,1,SEND_REMINDER,1,1499.0
pay_0495,merch_105,cust_1190,199,INR,upi,timeout,FAILED,1,0.42,53,1,1,RETRY_PAYMENT,1,199.0
pay_0496,merch_100,cust_1039,9999,INR,netbanking,authentication_failure,FAILED,2,0.46,94,1,1,SEND_PAYMENT_LINK,0,0.0
pay_0497,merch_103,cust_1193,1499,INR,wallet,timeout,FAILED,2,0.51,95,1,1,RETRY_PAYMENT,1,1499.0
pay_0498,merch_102,cust_1147,4999,INR,wallet,limit_exceeded,FAILED,1,0.83,169,0,1,SEND_REMINDER,0,0.0
pay_0499,merch_103,cust_1200,999,INR,upi,insufficient_funds,FAILED,2,0.44,87,0,1,SEND_PAYMENT_LINK,1,999.0
pay_0500,merch_105,cust_1001,499,INR,card,bank_declined,FAILED,2,0.47,17,1,1,SEND_REMINDER,1,499.0
pay_0501,merch_100,cust_1155,199,INR,wallet,bank_declined,FAILED,2,0.66,74,0,1,SEND_REMINDER,0,0.0
pay_0502,merch_101,cust_1163,15000,INR,wallet,temporary_network_error,FAILED,1,0.82,133,1,1,RETRY_PAYMENT,1,15000.0
pay_0503,merch_104,cust_1130,25000,INR,card,timeout,FAILED,1,0.67,93,0,1,RETRY_PAYMENT,1,25000.0
pay_0504,merch_101,cust_1022,2999,INR,wallet,authentication_failure,FAILED,3,0.44,151,0,0,STOP,0,0.0
pay_0505,merch_104,cust_1003,499,INR,upi,timeout,FAILED,1,0.72,144,1,1,RETRY_PAYMENT,1,499.0
pay_0506,merch_102,cust_1057,1499,INR,wallet,bank_declined,FAILED,2,0.1,45,1,1,SEND_REMINDER,0,0.0
pay_0507,merch_104,cust_1018,25000,INR,netbanking,authentication_failure,FAILED,1,0.78,66,1,1,SEND_PAYMENT_LINK,0,0.0
pay_0508,merch_103,cust_1144,15000,INR,card,authentication_failure,FAILED,2,0.68,151,0,1,SEND_PAYMENT_LINK,1,15000.0
pay_0509,merch_102,cust_1017,9999,INR,card,limit_exceeded,FAILED,3,0.3,81,1,0,STOP,0,0.0
pay_0510,merch_102,cust_1132,25000,INR,upi,limit_exceeded,FAILED,1,0.31,24,1,1,SEND_PAYMENT_LINK,0,0.0
pay_0511,merch_102,cust_1019,25000,INR,card,bank_declined,FAILED,1,0.4,147,1,1,SEND_PAYMENT_LINK,1,25000.0
pay_0512,merch_105,cust_1174,1499,INR,wallet,limit_exceeded,FAILED,1,0.3,62,1,1,SEND_REMINDER,1,1499.0
pay_0513,merch_101,cust_1063,4999,INR,card,temporary_network_error,FAILED,1,0.88,174,1,1,RETRY_PAYMENT,1,4999.0
pay_0514,merch_104,cust_1010,15000,INR,netbanking,timeout,FAILED,1,0.52,148,1,1,RETRY_PAYMENT,1,15000.0
pay_0515,merch_104,cust_1071,9999,INR,card,timeout,FAILED,1,0.15,109,1,1,RETRY_PAYMENT,0,0.0
pay_0516,merch_100,cust_1128,4999,INR,wallet,limit_exceeded,FAILED,1,0.49,31,1,1,SEND_REMINDER,0,0.0
pay_0517,merch_100,cust_1003,1499,INR,wallet,timeout,FAILED,1,0.38,157,1,1,RETRY_PAYMENT,1,1499.0
pay_0518,merch_102,cust_1060,2999,INR,wallet,timeout,FAILED,1,0.41,128,1,1,RETRY_PAYMENT,1,2999.0
pay_0519,merch_105,cust_1192,4999,INR,netbanking,bank_declined,FAILED,1,0.48,147,0,1,SEND_REMINDER,0,0.0
pay_0520,merch_105,cust_1058,499,INR,netbanking,insufficient_funds,FAILED,2,0.47,98,0,1,SEND_PAYMENT_LINK,1,499.0
pay_0521,merch_105,cust_1038,15000,INR,upi,insufficient_funds,FAILED,2,0.52,162,1,1,SEND_PAYMENT_LINK,0,0.0
pay_0522,merch_102,cust_1064,25000,INR,upi,bank_declined,FAILED,1,0.69,16,0,1,SEND_PAYMENT_LINK,0,0.0
pay_0523,merch_103,cust_1161,499,INR,wallet,limit_exceeded,FAILED,1,0.32,93,1,1,SEND_REMINDER,0,0.0
pay_0524,merch_103,cust_1031,4999,INR,card,timeout,FAILED,2,0.65,138,0,1,RETRY_PAYMENT,0,0.0
pay_0525,merch_102,cust_1090,4999,INR,wallet,limit_exceeded,FAILED,2,0.86,98,1,1,SEND_REMINDER,0,0.0
pay_0526,merch_101,cust_1042,4999,INR,wallet,limit_exceeded,FAILED,2,0.59,19,0,1,SEND_REMINDER,1,4999.0
pay_0527,merch_101,cust_1080,4999,INR,netbanking,limit_exceeded,FAILED,1,0.61,102,1,1,SEND_REMINDER,0,0.0
pay_0528,merch_102,cust_1191,25000,INR,wallet,bank_declined,FAILED,1,0.26,6,0,1,SEND_PAYMENT_LINK,0,0.0
pay_0529,merch_105,cust_1064,499,INR,card,insufficient_funds,FAILED,2,0.19,17,1,1,SEND_PAYMENT_LINK,0,0.0
pay_0530,merch_100,cust_1197,9999,INR,upi,temporary_network_error,FAILED,1,0.63,22,1,1,RETRY_PAYMENT,1,9999.0
pay_0531,merch_101,cust_1188,2999,INR,wallet,limit_exceeded,FAILED,1,0.21,44,0,1,SEND_REMINDER,1,2999.0
pay_0532,merch_102,cust_1083,15000,INR,wallet,timeout,FAILED,1,0.57,35,0,1,RETRY_PAYMENT,1,15000.0
pay_0533,merch_103,cust_1161,9999,INR,netbanking,authentication_failure,FAILED,2,0.56,23,1,1,SEND_PAYMENT_LINK,1,9999.0
pay_0534,merch_103,cust_1066,999,INR,netbanking,temporary_network_error,FAILED,1,0.54,35,1,1,RETRY_PAYMENT,1,999.0
pay_0535,merch_104,cust_1002,15000,INR,wallet,authentication_failure,FAILED,1,0.75,75,0,1,SEND_PAYMENT_LINK,0,0.0
pay_0536,merch_104,cust_1095,1499,INR,wallet,timeout,FAILED,2,0.44,42,1,1,RETRY_PAYMENT,0,0.0
pay_0537,merch_101,cust_1067,499,INR,wallet,limit_exceeded,FAILED,1,0.54,157,1,1,SEND_REMINDER,1,499.0
pay_0538,merch_105,cust_1136,2999,INR,wallet,insufficient_funds,FAILED,1,0.26,75,0,1,SEND_PAYMENT_LINK,0,0.0
pay_0539,merch_104,cust_1115,2999,INR,wallet,insufficient_funds,FAILED,1,0.12,13,0,1,SEND_PAYMENT_LINK,1,2999.0
pay_0540,merch_100,cust_1072,2999,INR,card,limit_exceeded,FAILED,2,0.72,60,0,1,SEND_REMINDER,1,2999.0
pay_0541,merch_103,cust_1055,4999,INR,wallet,authentication_failure,FAILED,2,0.95,119,0,1,SEND_REMINDER,1,4999.0
pay_0542,merch_101,cust_1014,2999,INR,wallet,temporary_network_error,FAILED,2,0.5,50,1,1,RETRY_PAYMENT,0,0.0
pay_0543,merch_100,cust_1031,1499,INR,wallet,bank_declined,FAILED,1,0.73,9,0,1,SEND_REMINDER,1,1499.0
pay_0544,merch_100,cust_1133,1499,INR,wallet,bank_declined,FAILED,3,0.92,83,0,1,SEND_REMINDER,0,0.0
pay_0545,merch_100,cust_1190,25000,INR,upi,authentication_failure,FAILED,2,0.64,51,1,1,SEND_PAYMENT_LINK,0,0.0
pay_0546,merch_105,cust_1055,499,INR,card,limit_exceeded,FAILED,2,0.38,43,1,1,SEND_REMINDER,0,0.0
pay_0547,merch_103,cust_1062,199,INR,upi,timeout,FAILED,3,0.5,153,0,1,RETRY_PAYMENT,1,199.0
pay_0548,merch_100,cust_1063,999,INR,wallet,temporary_network_error,FAILED,3,0.63,161,0,1,RETRY_PAYMENT,1,999.0
pay_0549,merch_105,cust_1039,25000,INR,upi,insufficient_funds,FAILED,2,0.3,143,1,1,SEND_PAYMENT_LINK,0,0.0
pay_0550,merch_103,cust_1187,1499,INR,upi,limit_exceeded,FAILED,2,0.4,35,1,1,SEND_REMINDER,0,0.0
pay_0551,merch_103,cust_1180,15000,INR,netbanking,timeout,FAILED,3,0.52,146,0,1,RETRY_PAYMENT,0,0.0
pay_0552,merch_102,cust_1187,15000,INR,netbanking,timeout,FAILED,2,0.24,136,0,1,RETRY_PAYMENT,1,15000.0
pay_0553,merch_102,cust_1138,4999,INR,wallet,temporary_network_error,FAILED,3,0.53,48,0,1,RETRY_PAYMENT,0,0.0
pay_0554,merch_102,cust_1198,1499,INR,netbanking,limit_exceeded,FAILED,1,0.66,138,1,1,SEND_REMINDER,1,1499.0
pay_0555,merch_105,cust_1127,25000,INR,card,timeout,FAILED,1,0.37,165,1,1,RETRY_PAYMENT,1,25000.0
pay_0556,merch_104,cust_1168,499,INR,upi,insufficient_funds,FAILED,1,0.84,52,0,1,SEND_PAYMENT_LINK,0,0.0
pay_0557,merch_100,cust_1008,9999,INR,wallet,timeout,FAILED,2,0.7,66,0,1,RETRY_PAYMENT,1,9999.0
pay_0558,merch_104,cust_1183,499,INR,upi,insufficient_funds,FAILED,3,0.52,21,1,0,STOP,0,0.0
pay_0559,merch_105,cust_1015,4999,INR,wallet,authentication_failure,FAILED,3,0.15,158,1,0,STOP,0,0.0
pay_0560,merch_104,cust_1010,499,INR,netbanking,temporary_network_error,FAILED,1,0.92,25,0,1,RETRY_PAYMENT,1,499.0
pay_0561,merch_104,cust_1098,1499,INR,card,timeout,FAILED,3,0.31,161,0,1,RETRY_PAYMENT,0,0.0
pay_0562,merch_104,cust_1106,499,INR,netbanking,limit_exceeded,FAILED,2,0.7,110,0,1,SEND_REMINDER,1,499.0
pay_0563,merch_101,cust_1140,9999,INR,netbanking,limit_exceeded,FAILED,1,0.55,154,1,1,SEND_PAYMENT_LINK,0,0.0
pay_0564,merch_102,cust_1140,4999,INR,netbanking,bank_declined,FAILED,3,0.47,83,0,0,STOP,0,0.0
pay_0565,merch_104,cust_1139,1499,INR,wallet,timeout,FAILED,3,0.32,116,1,1,RETRY_PAYMENT,0,0.0
pay_0566,merch_100,cust_1185,199,INR,netbanking,timeout,FAILED,1,0.54,78,0,1,RETRY_PAYMENT,1,199.0
pay_0567,merch_101,cust_1054,4999,INR,upi,limit_exceeded,FAILED,1,0.88,131,0,1,SEND_REMINDER,1,4999.0
pay_0568,merch_103,cust_1091,999,INR,card,authentication_failure,FAILED,1,0.86,64,0,1,SEND_REMINDER,1,999.0
pay_0569,merch_102,cust_1023,9999,INR,card,limit_exceeded,FAILED,1,0.72,124,0,1,SEND_PAYMENT_LINK,0,0.0
pay_0570,merch_105,cust_1179,499,INR,netbanking,temporary_network_error,FAILED,3,0.79,98,0,1,RETRY_PAYMENT,0,0.0
pay_0571,merch_102,cust_1089,9999,INR,wallet,temporary_network_error,FAILED,1,0.74,155,0,1,RETRY_PAYMENT,1,9999.0
pay_0572,merch_105,cust_1097,199,INR,netbanking,timeout,FAILED,1,0.37,145,0,1,RETRY_PAYMENT,1,199.0
pay_0573,merch_105,cust_1056,999,INR,upi,limit_exceeded,FAILED,3,0.95,115,0,0,STOP,0,0.0
pay_0574,merch_101,cust_1110,2999,INR,wallet,insufficient_funds,FAILED,1,0.39,122,0,1,SEND_PAYMENT_LINK,0,0.0
pay_0575,merch_102,cust_1021,9999,INR,wallet,limit_exceeded,FAILED,1,0.75,124,0,1,SEND_PAYMENT_LINK,0,0.0
pay_0576,merch_105,cust_1146,1499,INR,card,insufficient_funds,FAILED,1,0.33,111,1,1,SEND_PAYMENT_LINK,0,0.0
pay_0577,merch_104,cust_1022,499,INR,wallet,bank_declined,FAILED,1,0.4,83,1,1,SEND_REMINDER,0,0.0
pay_0578,merch_100,cust_1197,2999,INR,card,authentication_failure,FAILED,2,0.8,114,0,1,SEND_REMINDER,1,2999.0
pay_0579,merch_101,cust_1051,4999,INR,card,limit_exceeded,FAILED,1,0.2,14,0,1,SEND_REMINDER,0,0.0
pay_0580,merch_101,cust_1073,199,INR,netbanking,limit_exceeded,FAILED,1,0.36,121,0,1,SEND_REMINDER,0,0.0
pay_0581,merch_105,cust_1137,1499,INR,card,timeout,FAILED,2,0.74,141,1,1,RETRY_PAYMENT,1,1499.0
pay_0582,merch_101,cust_1177,199,INR,wallet,timeout,FAILED,3,0.55,66,0,1,RETRY_PAYMENT,1,199.0
pay_0583,merch_101,cust_1178,2999,INR,upi,bank_declined,FAILED,3,0.9,18,1,1,SEND_REMINDER,0,0.0
pay_0584,merch_105,cust_1168,4999,INR,upi,temporary_network_error,FAILED,1,0.84,167,1,1,RETRY_PAYMENT,1,4999.0
pay_0585,merch_103,cust_1130,499,INR,netbanking,bank_declined,FAILED,2,0.55,48,0,1,SEND_REMINDER,0,0.0
pay_0586,merch_103,cust_1143,199,INR,upi,insufficient_funds,FAILED,2,0.36,126,1,1,SEND_PAYMENT_LINK,0,0.0
pay_0587,merch_100,cust_1088,4999,INR,netbanking,limit_exceeded,FAILED,1,0.3,129,1,1,SEND_REMINDER,0,0.0
pay_0588,merch_105,cust_1065,9999,INR,upi,timeout,FAILED,1,0.29,88,1,1,RETRY_PAYMENT,1,9999.0
pay_0589,merch_100,cust_1186,9999,INR,card,bank_declined,FAILED,1,0.59,110,1,1,SEND_PAYMENT_LINK,0,0.0
pay_0590,merch_102,cust_1114,25000,INR,card,insufficient_funds,FAILED,3,0.22,139,0,0,STOP,0,0.0
pay_0591,merch_101,cust_1079,25000,INR,card,bank_declined,FAILED,1,0.66,145,0,1,SEND_PAYMENT_LINK,1,25000.0
pay_0592,merch_104,cust_1136,499,INR,card,authentication_failure,FAILED,1,0.72,82,1,1,SEND_REMINDER,0,0.0
pay_0593,merch_102,cust_1113,2999,INR,card,insufficient_funds,FAILED,1,0.21,7,1,1,SEND_PAYMENT_LINK,0,0.0
pay_0594,merch_104,cust_1059,1499,INR,card,limit_exceeded,FAILED,1,0.41,177,1,1,SEND_REMINDER,1,1499.0
pay_0595,merch_104,cust_1120,4999,INR,card,bank_declined,FAILED,2,0.5,42,0,1,SEND_REMINDER,1,4999.0
pay_0596,merch_103,cust_1195,199,INR,netbanking,bank_declined,FAILED,1,0.73,52,0,1,SEND_REMINDER,1,199.0
pay_0597,merch_103,cust_1157,15000,INR,netbanking,bank_declined,FAILED,1,0.46,11,1,1,SEND_PAYMENT_LINK,0,0.0
pay_0598,merch_103,cust_1156,25000,INR,upi,timeout,FAILED,1,0.48,11,0,1,RETRY_PAYMENT,1,25000.0
pay_0599,merch_103,cust_1188,199,INR,wallet,timeout,FAILED,3,0.92,49,1,1,RETRY_PAYMENT,1,199.0
pay_0600,merch_102,cust_1198,2999,INR,wallet,insufficient_funds,FAILED,2,0.35,14,0,1,SEND_PAYMENT_LINK,0,0.0
pay_0601,merch_105,cust_1115,499,INR,upi,insufficient_funds,FAILED,2,0.9,179,0,1,SEND_PAYMENT_LINK,1,499.0
pay_0602,merch_102,cust_1115,199,INR,card,bank_declined,FAILED,2,0.86,52,1,1,SEND_REMINDER,1,199.0
pay_0603,merch_102,cust_1177,999,INR,upi,temporary_network_error,FAILED,1,0.7,163,1,1,RETRY_PAYMENT,1,999.0
pay_0604,merch_105,cust_1098,25000,INR,card,bank_declined,FAILED,2,0.42,44,1,1,SEND_PAYMENT_LINK,0,0.0
pay_0605,merch_105,cust_1038,999,INR,card,insufficient_funds,FAILED,3,0.14,79,1,0,STOP,0,0.0
pay_0606,merch_105,cust_1196,15000,INR,netbanking,limit_exceeded,FAILED,1,0.2,34,0,1,SEND_PAYMENT_LINK,1,15000.0
pay_0607,merch_102,cust_1003,15000,INR,wallet,bank_declined,FAILED,2,0.79,156,1,1,SEND_PAYMENT_LINK,1,15000.0
pay_0608,merch_104,cust_1168,15000,INR,wallet,bank_declined,FAILED,2,0.17,154,0,1,SEND_PAYMENT_LINK,1,15000.0
pay_0609,merch_104,cust_1071,25000,INR,card,temporary_network_error,FAILED,1,0.23,168,1,1,RETRY_PAYMENT,1,25000.0
pay_0610,merch_100,cust_1170,2999,INR,netbanking,temporary_network_error,FAILED,1,0.19,46,0,1,RETRY_PAYMENT,1,2999.0
pay_0611,merch_104,cust_1169,25000,INR,card,bank_declined,FAILED,3,0.59,10,0,0,STOP,0,0.0
pay_0612,merch_102,cust_1082,4999,INR,wallet,temporary_network_error,FAILED,2,0.82,17,1,1,RETRY_PAYMENT,1,4999.0
pay_0613,merch_100,cust_1177,2999,INR,netbanking,timeout,FAILED,2,0.55,179,0,1,RETRY_PAYMENT,1,2999.0
pay_0614,merch_100,cust_1146,25000,INR,upi,bank_declined,FAILED,3,0.69,74,1,0,STOP,0,0.0
pay_0615,merch_104,cust_1081,2999,INR,netbanking,insufficient_funds,FAILED,2,0.58,134,1,1,SEND_PAYMENT_LINK,0,0.0
pay_0616,merch_101,cust_1156,1499,INR,netbanking,insufficient_funds,FAILED,1,0.2,120,0,1,SEND_PAYMENT_LINK,0,0.0
pay_0617,merch_101,cust_1157,9999,INR,wallet,temporary_network_error,FAILED,1,0.4,164,0,1,RETRY_PAYMENT,1,9999.0
pay_0618,merch_101,cust_1176,2999,INR,netbanking,temporary_network_error,FAILED,1,0.36,141,1,1,RETRY_PAYMENT,1,2999.0
pay_0619,merch_100,cust_1175,4999,INR,netbanking,bank_declined,FAILED,3,0.58,8,0,0,STOP,0,0.0
pay_0620,merch_101,cust_1084,4999,INR,wallet,bank_declined,FAILED,1,0.65,124,0,1,SEND_REMINDER,0,0.0
pay_0621,merch_104,cust_1085,15000,INR,wallet,limit_exceeded,FAILED,1,0.81,77,1,1,SEND_PAYMENT_LINK,0,0.0
pay_0622,merch_100,cust_1053,4999,INR,netbanking,temporary_network_error,FAILED,1,0.34,8,1,1,RETRY_PAYMENT,0,0.0
pay_0623,merch_105,cust_1136,999,INR,wallet,insufficient_funds,FAILED,2,0.2,79,1,1,SEND_PAYMENT_LINK,0,0.0
pay_0624,merch_102,cust_1105,499,INR,wallet,insufficient_funds,FAILED,1,0.48,78,0,1,SEND_PAYMENT_LINK,0,0.0
pay_0625,merch_101,cust_1028,4999,INR,upi,insufficient_funds,FAILED,1,0.48,7,1,1,SEND_PAYMENT_LINK,0,0.0
pay_0626,merch_101,cust_1048,4999,INR,wallet,limit_exceeded,FAILED,2,0.36,84,0,1,SEND_REMINDER,0,0.0
pay_0627,merch_100,cust_1132,999,INR,card,limit_exceeded,FAILED,1,0.49,134,0,1,SEND_REMINDER,1,999.0
pay_0628,merch_100,cust_1175,499,INR,netbanking,bank_declined,FAILED,1,0.19,169,1,1,SEND_REMINDER,1,499.0
pay_0629,merch_102,cust_1163,1499,INR,netbanking,insufficient_funds,FAILED,1,0.34,137,1,1,SEND_PAYMENT_LINK,0,0.0
pay_0630,merch_105,cust_1030,2999,INR,card,insufficient_funds,FAILED,1,0.2,160,0,1,SEND_PAYMENT_LINK,1,2999.0
pay_0631,merch_102,cust_1140,4999,INR,netbanking,insufficient_funds,FAILED,3,0.78,147,0,0,STOP,0,0.0
pay_0632,merch_101,cust_1018,2999,INR,netbanking,timeout,FAILED,2,0.14,8,1,1,RETRY_PAYMENT,0,0.0
pay_0633,merch_100,cust_1027,9999,INR,upi,temporary_network_error,FAILED,2,0.43,153,1,1,RETRY_PAYMENT,1,9999.0
pay_0634,merch_102,cust_1085,1499,INR,upi,bank_declined,FAILED,2,0.21,179,1,1,SEND_REMINDER,1,1499.0
pay_0635,merch_102,cust_1175,15000,INR,wallet,insufficient_funds,FAILED,1,0.22,158,1,1,SEND_PAYMENT_LINK,0,0.0
pay_0636,merch_103,cust_1046,4999,INR,netbanking,bank_declined,FAILED,2,0.13,122,0,1,SEND_REMINDER,1,4999.0
pay_0637,merch_103,cust_1043,2999,INR,netbanking,timeout,FAILED,2,0.21,27,1,1,RETRY_PAYMENT,0,0.0
pay_0638,merch_100,cust_1083,25000,INR,upi,authentication_failure,FAILED,2,0.49,152,1,1,SEND_PAYMENT_LINK,1,25000.0
pay_0639,merch_101,cust_1140,999,INR,wallet,bank_declined,FAILED,1,0.39,178,1,1,SEND_REMINDER,0,0.0
pay_0640,merch_103,cust_1145,4999,INR,card,insufficient_funds,FAILED,3,0.67,147,1,0,STOP,0,0.0
pay_0641,merch_100,cust_1151,15000,INR,netbanking,timeout,FAILED,1,0.8,46,1,1,RETRY_PAYMENT,0,0.0
pay_0642,merch_100,cust_1153,499,INR,wallet,authentication_failure,FAILED,2,0.65,16,0,1,SEND_REMINDER,1,499.0
pay_0643,merch_101,cust_1148,199,INR,card,limit_exceeded,FAILED,1,0.49,75,1,1,SEND_REMINDER,0,0.0
pay_0644,merch_103,cust_1050,1499,INR,netbanking,authentication_failure,FAILED,2,0.78,174,1,1,SEND_REMINDER,0,0.0
pay_0645,merch_103,cust_1183,4999,INR,upi,timeout,FAILED,1,0.62,131,1,1,RETRY_PAYMENT,0,0.0
pay_0646,merch_102,cust_1015,4999,INR,upi,temporary_network_error,FAILED,3,0.58,92,0,1,RETRY_PAYMENT,0,0.0
pay_0647,merch_100,cust_1060,9999,INR,wallet,limit_exceeded,FAILED,1,0.71,104,1,1,SEND_PAYMENT_LINK,1,9999.0
pay_0648,merch_101,cust_1169,999,INR,wallet,insufficient_funds,FAILED,1,0.57,93,1,1,SEND_PAYMENT_LINK,1,999.0
pay_0649,merch_105,cust_1032,999,INR,upi,temporary_network_error,FAILED,3,0.11,125,1,1,RETRY_PAYMENT,0,0.0
pay_0650,merch_101,cust_1021,999,INR,wallet,bank_declined,FAILED,3,0.61,109,0,0,STOP,0,0.0
pay_0651,merch_103,cust_1130,9999,INR,wallet,bank_declined,FAILED,1,0.29,109,0,1,SEND_PAYMENT_LINK,0,0.0
pay_0652,merch_105,cust_1060,25000,INR,netbanking,bank_declined,FAILED,2,0.59,9,0,1,SEND_PAYMENT_LINK,0,0.0
pay_0653,merch_105,cust_1094,499,INR,wallet,limit_exceeded,FAILED,1,0.22,135,1,1,SEND_REMINDER,0,0.0
pay_0654,merch_100,cust_1133,499,INR,card,bank_declined,FAILED,3,0.73,172,0,1,SEND_REMINDER,0,0.0
pay_0655,merch_104,cust_1148,2999,INR,upi,authentication_failure,FAILED,2,0.76,121,1,1,SEND_REMINDER,1,2999.0
pay_0656,merch_103,cust_1146,4999,INR,wallet,authentication_failure,FAILED,1,0.35,10,1,1,SEND_REMINDER,0,0.0
pay_0657,merch_104,cust_1066,199,INR,wallet,timeout,FAILED,1,0.59,169,1,1,RETRY_PAYMENT,0,0.0
pay_0658,merch_104,cust_1006,2999,INR,wallet,temporary_network_error,FAILED,1,0.53,72,1,1,RETRY_PAYMENT,1,2999.0
pay_0659,merch_102,cust_1070,2999,INR,upi,limit_exceeded,FAILED,1,0.61,152,0,1,SEND_REMINDER,0,0.0
pay_0660,merch_102,cust_1044,2999,INR,card,bank_declined,FAILED,1,0.78,9,1,1,SEND_REMINDER,0,0.0
pay_0661,merch_101,cust_1152,999,INR,wallet,bank_declined,FAILED,2,0.3,113,0,1,SEND_REMINDER,1,999.0
pay_0662,merch_105,cust_1088,199,INR,netbanking,temporary_network_error,FAILED,1,0.24,103,1,1,RETRY_PAYMENT,1,199.0
pay_0663,merch_105,cust_1192,25000,INR,card,bank_declined,FAILED,3,0.7,122,1,0,STOP,0,0.0
pay_0664,merch_101,cust_1135,9999,INR,upi,authentication_failure,FAILED,2,0.42,81,0,1,SEND_PAYMENT_LINK,1,9999.0
pay_0665,merch_104,cust_1163,4999,INR,wallet,timeout,FAILED,3,0.83,86,1,1,RETRY_PAYMENT,1,4999.0
pay_0666,merch_100,cust_1065,9999,INR,wallet,limit_exceeded,FAILED,3,0.31,173,0,0,STOP,0,0.0
pay_0667,merch_104,cust_1086,999,INR,netbanking,timeout,FAILED,1,0.67,18,0,1,RETRY_PAYMENT,1,999.0
pay_0668,merch_104,cust_1026,15000,INR,netbanking,insufficient_funds,FAILED,3,0.34,50,0,0,STOP,0,0.0
pay_0669,merch_100,cust_1158,499,INR,upi,timeout,FAILED,3,0.86,56,0,1,RETRY_PAYMENT,0,0.0
pay_0670,merch_100,cust_1022,999,INR,wallet,limit_exceeded,FAILED,3,0.58,48,0,0,STOP,0,0.0
pay_0671,merch_105,cust_1047,2999,INR,netbanking,bank_declined,FAILED,3,0.9,164,1,1,SEND_REMINDER,0,0.0
pay_0672,merch_102,cust_1196,9999,INR,netbanking,authentication_failure,FAILED,1,0.76,71,0,1,SEND_PAYMENT_LINK,1,9999.0
pay_0673,merch_102,cust_1015,2999,INR,netbanking,insufficient_funds,FAILED,2,0.16,52,1,1,SEND_PAYMENT_LINK,1,2999.0
pay_0674,merch_103,cust_1027,999,INR,wallet,insufficient_funds,FAILED,2,0.65,114,1,1,SEND_PAYMENT_LINK,1,999.0
pay_0675,merch_100,cust_1018,2999,INR,wallet,temporary_network_error,FAILED,2,0.23,164,0,1,RETRY_PAYMENT,0,0.0
pay_0676,merch_105,cust_1099,2999,INR,card,limit_exceeded,FAILED,1,0.87,148,0,1,SEND_REMINDER,0,0.0
pay_0677,merch_103,cust_1122,9999,INR,wallet,limit_exceeded,FAILED,1,0.56,1,1,1,SEND_PAYMENT_LINK,0,0.0
pay_0678,merch_103,cust_1031,25000,INR,netbanking,authentication_failure,FAILED,3,0.36,15,0,0,STOP,0,0.0
pay_0679,merch_102,cust_1136,4999,INR,upi,bank_declined,FAILED,1,0.65,46,0,1,SEND_REMINDER,0,0.0
pay_0680,merch_105,cust_1048,2999,INR,wallet,temporary_network_error,FAILED,3,0.69,125,0,1,RETRY_PAYMENT,0,0.0
pay_0681,merch_103,cust_1188,1499,INR,card,temporary_network_error,FAILED,1,0.12,152,0,1,RETRY_PAYMENT,1,1499.0
pay_0682,merch_100,cust_1138,2999,INR,wallet,timeout,FAILED,2,0.92,5,0,1,RETRY_PAYMENT,1,2999.0
pay_0683,merch_102,cust_1184,199,INR,wallet,temporary_network_error,FAILED,1,0.79,171,1,1,RETRY_PAYMENT,1,199.0
pay_0684,merch_104,cust_1038,1499,INR,upi,temporary_network_error,FAILED,3,0.22,168,0,1,RETRY_PAYMENT,1,1499.0
pay_0685,merch_104,cust_1011,1499,INR,card,temporary_network_error,FAILED,1,0.64,79,0,1,RETRY_PAYMENT,1,1499.0
pay_0686,merch_101,cust_1151,499,INR,upi,temporary_network_error,FAILED,2,0.61,158,0,1,RETRY_PAYMENT,1,499.0
pay_0687,merch_101,cust_1109,4999,INR,wallet,authentication_failure,FAILED,1,0.93,148,0,1,SEND_REMINDER,1,4999.0
pay_0688,merch_101,cust_1195,199,INR,card,authentication_failure,FAILED,1,0.2,37,1,1,SEND_REMINDER,1,199.0
pay_0689,merch_102,cust_1141,999,INR,wallet,insufficient_funds,FAILED,2,0.13,26,1,1,SEND_PAYMENT_LINK,0,0.0
pay_0690,merch_100,cust_1124,499,INR,upi,temporary_network_error,FAILED,1,0.89,167,1,1,RETRY_PAYMENT,1,499.0
pay_0691,merch_103,cust_1177,999,INR,card,insufficient_funds,FAILED,3,0.33,116,1,0,STOP,0,0.0
pay_0692,merch_101,cust_1044,199,INR,card,limit_exceeded,FAILED,2,0.62,23,1,1,SEND_REMINDER,0,0.0
pay_0693,merch_100,cust_1142,1499,INR,card,temporary_network_error,FAILED,2,0.93,159,1,1,RETRY_PAYMENT,1,1499.0
pay_0694,merch_104,cust_1129,1499,INR,wallet,limit_exceeded,FAILED,3,0.28,14,0,0,STOP,0,0.0
pay_0695,merch_100,cust_1038,15000,INR,wallet,insufficient_funds,FAILED,1,0.67,12,0,1,SEND_PAYMENT_LINK,0,0.0
pay_0696,merch_102,cust_1053,9999,INR,netbanking,authentication_failure,FAILED,2,0.78,117,0,1,SEND_PAYMENT_LINK,1,9999.0
pay_0697,merch_100,cust_1137,999,INR,card,temporary_network_error,FAILED,2,0.54,19,0,1,RETRY_PAYMENT,1,999.0
pay_0698,merch_104,cust_1148,4999,INR,wallet,insufficient_funds,FAILED,3,0.68,84,0,0,STOP,0,0.0
pay_0699,merch_100,cust_1083,1499,INR,upi,insufficient_funds,FAILED,3,0.45,52,1,0,STOP,0,0.0
pay_0700,merch_101,cust_1018,15000,INR,wallet,temporary_network_error,FAILED,2,0.22,157,1,1,RETRY_PAYMENT,1,15000.0
pay_0701,merch_102,cust_1034,15000,INR,card,limit_exceeded,FAILED,1,0.93,52,1,1,SEND_PAYMENT_LINK,1,15000.0
pay_0702,merch_105,cust_1145,199,INR,netbanking,insufficient_funds,FAILED,1,0.82,118,1,1,SEND_PAYMENT_LINK,1,199.0
pay_0703,merch_102,cust_1056,2999,INR,card,limit_exceeded,FAILED,2,0.87,148,0,1,SEND_REMINDER,1,2999.0
pay_0704,merch_104,cust_1125,1499,INR,wallet,bank_declined,FAILED,1,0.11,110,0,1,SEND_REMINDER,1,1499.0
pay_0705,merch_103,cust_1148,1499,INR,card,timeout,FAILED,1,0.46,12,0,1,RETRY_PAYMENT,0,0.0
pay_0706,merch_105,cust_1196,25000,INR,upi,bank_declined,FAILED,2,0.44,179,0,1,SEND_PAYMENT_LINK,1,25000.0
pay_0707,merch_101,cust_1021,25000,INR,upi,limit_exceeded,FAILED,3,0.45,56,0,0,STOP,0,0.0
pay_0708,merch_102,cust_1075,1499,INR,upi,temporary_network_error,FAILED,2,0.67,42,1,1,RETRY_PAYMENT,0,0.0
pay_0709,merch_105,cust_1149,199,INR,wallet,bank_declined,FAILED,1,0.84,104,0,1,SEND_REMINDER,0,0.0
pay_0710,merch_102,cust_1160,15000,INR,upi,limit_exceeded,FAILED,1,0.43,177,1,1,SEND_PAYMENT_LINK,0,0.0
pay_0711,merch_102,cust_1109,2999,INR,card,limit_exceeded,FAILED,1,0.63,86,0,1,SEND_REMINDER,0,0.0
pay_0712,merch_105,cust_1093,199,INR,upi,bank_declined,FAILED,1,0.5,11,1,1,SEND_REMINDER,1,199.0
pay_0713,merch_105,cust_1143,499,INR,card,insufficient_funds,FAILED,1,0.3,30,1,1,SEND_PAYMENT_LINK,0,0.0
pay_0714,merch_104,cust_1179,1499,INR,card,authentication_failure,FAILED,1,0.86,129,1,1,SEND_REMINDER,1,1499.0
pay_0715,merch_100,cust_1095,4999,INR,wallet,bank_declined,FAILED,2,0.55,32,1,1,SEND_REMINDER,0,0.0
pay_0716,merch_105,cust_1136,2999,INR,wallet,timeout,FAILED,1,0.78,178,0,1,RETRY_PAYMENT,1,2999.0
pay_0717,merch_103,cust_1022,499,INR,wallet,insufficient_funds,FAILED,1,0.91,20,0,1,SEND_PAYMENT_LINK,1,499.0
pay_0718,merch_100,cust_1178,999,INR,wallet,insufficient_funds,FAILED,1,0.54,161,0,1,SEND_PAYMENT_LINK,1,999.0
pay_0719,merch_105,cust_1138,999,INR,wallet,authentication_failure,FAILED,2,0.48,166,0,1,SEND_REMINDER,1,999.0
pay_0720,merch_100,cust_1005,1499,INR,netbanking,bank_declined,FAILED,2,0.39,166,1,1,SEND_REMINDER,1,1499.0
pay_0721,merch_105,cust_1178,25000,INR,wallet,bank_declined,FAILED,1,0.58,79,0,1,SEND_PAYMENT_LINK,0,0.0
pay_0722,merch_101,cust_1123,4999,INR,netbanking,temporary_network_error,FAILED,1,0.4,117,0,1,RETRY_PAYMENT,1,4999.0
pay_0723,merch_101,cust_1182,25000,INR,netbanking,insufficient_funds,FAILED,1,0.81,178,0,1,SEND_PAYMENT_LINK,1,25000.0
pay_0724,merch_100,cust_1010,4999,INR,card,bank_declined,FAILED,1,0.41,53,0,1,SEND_REMINDER,0,0.0
pay_0725,merch_102,cust_1037,4999,INR,wallet,timeout,FAILED,1,0.55,32,0,1,RETRY_PAYMENT,1,4999.0
pay_0726,merch_103,cust_1196,999,INR,wallet,authentication_failure,FAILED,1,0.1,140,1,1,SEND_REMINDER,0,0.0
pay_0727,merch_102,cust_1121,2999,INR,card,timeout,FAILED,3,0.87,114,1,1,RETRY_PAYMENT,0,0.0
pay_0728,merch_105,cust_1122,199,INR,card,limit_exceeded,FAILED,2,0.2,7,1,1,SEND_REMINDER,0,0.0
pay_0729,merch_101,cust_1114,4999,INR,upi,authentication_failure,FAILED,1,0.62,50,0,1,SEND_REMINDER,0,0.0
pay_0730,merch_102,cust_1050,199,INR,upi,timeout,FAILED,2,0.68,23,1,1,RETRY_PAYMENT,1,199.0
pay_0731,merch_102,cust_1154,25000,INR,upi,limit_exceeded,FAILED,1,0.44,110,1,1,SEND_PAYMENT_LINK,0,0.0
pay_0732,merch_100,cust_1072,4999,INR,netbanking,authentication_failure,FAILED,2,0.84,23,0,1,SEND_REMINDER,0,0.0
pay_0733,merch_103,cust_1189,9999,INR,wallet,authentication_failure,FAILED,1,0.78,109,1,1,SEND_PAYMENT_LINK,1,9999.0
pay_0734,merch_104,cust_1153,499,INR,card,insufficient_funds,FAILED,1,0.5,135,1,1,SEND_PAYMENT_LINK,1,499.0
pay_0735,merch_104,cust_1193,9999,INR,upi,temporary_network_error,FAILED,2,0.64,70,1,1,RETRY_PAYMENT,1,9999.0
pay_0736,merch_103,cust_1181,999,INR,card,insufficient_funds,FAILED,2,0.35,126,0,1,SEND_PAYMENT_LINK,0,0.0
pay_0737,merch_102,cust_1149,2999,INR,wallet,timeout,FAILED,3,0.49,7,0,1,RETRY_PAYMENT,1,2999.0
pay_0738,merch_102,cust_1163,15000,INR,upi,limit_exceeded,FAILED,3,0.86,107,0,0,STOP,0,0.0
pay_0739,merch_103,cust_1176,1499,INR,upi,temporary_network_error,FAILED,1,0.52,18,1,1,RETRY_PAYMENT,1,1499.0
pay_0740,merch_104,cust_1111,2999,INR,wallet,limit_exceeded,FAILED,1,0.42,148,0,1,SEND_REMINDER,0,0.0
pay_0741,merch_101,cust_1148,199,INR,card,authentication_failure,FAILED,2,0.85,35,1,1,SEND_REMINDER,1,199.0
pay_0742,merch_102,cust_1092,9999,INR,netbanking,temporary_network_error,FAILED,1,0.35,164,0,1,RETRY_PAYMENT,1,9999.0
pay_0743,merch_105,cust_1046,499,INR,card,timeout,FAILED,1,0.84,176,1,1,RETRY_PAYMENT,1,499.0
pay_0744,merch_105,cust_1176,4999,INR,upi,timeout,FAILED,2,0.4,37,0,1,RETRY_PAYMENT,1,4999.0
pay_0745,merch_102,cust_1095,15000,INR,wallet,authentication_failure,FAILED,1,0.19,40,0,1,SEND_PAYMENT_LINK,0,0.0
pay_0746,merch_104,cust_1157,25000,INR,upi,bank_declined,FAILED,2,0.88,30,0,1,SEND_PAYMENT_LINK,0,0.0
pay_0747,merch_103,cust_1089,2999,INR,netbanking,insufficient_funds,FAILED,2,0.86,153,1,1,SEND_PAYMENT_LINK,1,2999.0
pay_0748,merch_102,cust_1007,499,INR,card,insufficient_funds,FAILED,3,0.22,59,1,0,STOP,0,0.0
pay_0749,merch_101,cust_1053,999,INR,upi,bank_declined,FAILED,3,0.75,29,0,1,SEND_REMINDER,1,999.0
pay_0750,merch_103,cust_1193,9999,INR,upi,insufficient_funds,FAILED,1,0.13,169,0,1,SEND_PAYMENT_LINK,0,0.0
pay_0751,merch_102,cust_1011,499,INR,netbanking,limit_exceeded,FAILED,1,0.74,32,0,1,SEND_REMINDER,0,0.0
pay_0752,merch_101,cust_1047,4999,INR,upi,temporary_network_error,FAILED,1,0.82,72,1,1,RETRY_PAYMENT,1,4999.0
pay_0753,merch_104,cust_1199,1499,INR,upi,temporary_network_error,FAILED,2,0.75,136,0,1,RETRY_PAYMENT,1,1499.0
pay_0754,merch_102,cust_1043,25000,INR,upi,limit_exceeded,FAILED,1,0.89,130,1,1,SEND_PAYMENT_LINK,1,25000.0
pay_0755,merch_104,cust_1047,15000,INR,upi,insufficient_funds,FAILED,1,0.93,109,0,1,SEND_PAYMENT_LINK,0,0.0
pay_0756,merch_103,cust_1028,4999,INR,upi,bank_declined,FAILED,1,0.54,127,1,1,SEND_REMINDER,0,0.0
pay_0757,merch_104,cust_1184,199,INR,upi,authentication_failure,FAILED,2,0.2,73,1,1,SEND_REMINDER,0,0.0
pay_0758,merch_102,cust_1175,15000,INR,card,timeout,FAILED,2,0.35,110,0,1,RETRY_PAYMENT,0,0.0
pay_0759,merch_103,cust_1173,4999,INR,card,temporary_network_error,FAILED,3,0.52,27,1,1,RETRY_PAYMENT,1,4999.0
pay_0760,merch_105,cust_1173,499,INR,upi,insufficient_funds,FAILED,2,0.44,152,0,1,SEND_PAYMENT_LINK,0,0.0
pay_0761,merch_101,cust_1016,4999,INR,card,authentication_failure,FAILED,1,0.61,104,0,1,SEND_REMINDER,1,4999.0
pay_0762,merch_103,cust_1185,15000,INR,netbanking,limit_exceeded,FAILED,2,0.6,165,1,1,SEND_PAYMENT_LINK,0,0.0
pay_0763,merch_105,cust_1154,9999,INR,wallet,timeout,FAILED,1,0.23,117,0,1,RETRY_PAYMENT,1,9999.0
pay_0764,merch_103,cust_1127,1499,INR,card,temporary_network_error,FAILED,1,0.73,18,1,1,RETRY_PAYMENT,1,1499.0
pay_0765,merch_101,cust_1097,4999,INR,card,authentication_failure,FAILED,2,0.63,20,1,1,SEND_REMINDER,0,0.0
pay_0766,merch_101,cust_1075,15000,INR,wallet,timeout,FAILED,1,0.56,139,0,1,RETRY_PAYMENT,0,0.0
pay_0767,merch_100,cust_1110,499,INR,wallet,bank_declined,FAILED,1,0.82,114,1,1,SEND_REMINDER,1,499.0
pay_0768,merch_101,cust_1142,2999,INR,card,bank_declined,FAILED,2,0.21,100,1,1,SEND_REMINDER,0,0.0
pay_0769,merch_104,cust_1172,15000,INR,wallet,bank_declined,FAILED,2,0.83,130,0,1,SEND_PAYMENT_LINK,1,15000.0
pay_0770,merch_103,cust_1151,9999,INR,netbanking,authentication_failure,FAILED,1,0.15,152,0,1,SEND_PAYMENT_LINK,1,9999.0
pay_0771,merch_102,cust_1089,199,INR,netbanking,bank_declined,FAILED,1,0.46,92,1,1,SEND_REMINDER,1,199.0
pay_0772,merch_105,cust_1062,1499,INR,card,limit_exceeded,FAILED,1,0.6,177,0,1,SEND_REMINDER,0,0.0
pay_0773,merch_100,cust_1086,999,INR,upi,timeout,FAILED,1,0.13,169,1,1,RETRY_PAYMENT,1,999.0
pay_0774,merch_103,cust_1068,199,INR,wallet,timeout,FAILED,1,0.94,97,1,1,RETRY_PAYMENT,1,199.0
pay_0775,merch_100,cust_1125,499,INR,card,authentication_failure,FAILED,2,0.53,171,1,1,SEND_REMINDER,1,499.0
pay_0776,merch_102,cust_1093,9999,INR,card,bank_declined,FAILED,3,0.82,20,0,1,SEND_PAYMENT_LINK,1,9999.0
pay_0777,merch_100,cust_1076,9999,INR,card,timeout,FAILED,3,0.91,149,0,1,RETRY_PAYMENT,1,9999.0
pay_0778,merch_102,cust_1017,25000,INR,wallet,bank_declined,FAILED,1,0.4,20,1,1,SEND_PAYMENT_LINK,0,0.0
pay_0779,merch_102,cust_1110,25000,INR,netbanking,insufficient_funds,FAILED,2,0.44,160,1,1,SEND_PAYMENT_LINK,0,0.0
pay_0780,merch_104,cust_1046,199,INR,card,timeout,FAILED,2,0.28,120,1,1,RETRY_PAYMENT,0,0.0
pay_0781,merch_104,cust_1157,9999,INR,upi,timeout,FAILED,1,0.41,38,0,1,RETRY_PAYMENT,1,9999.0
pay_0782,merch_105,cust_1195,2999,INR,wallet,bank_declined,FAILED,1,0.83,17,0,1,SEND_REMINDER,0,0.0
pay_0783,merch_102,cust_1073,999,INR,netbanking,limit_exceeded,FAILED,2,0.3,62,0,1,SEND_REMINDER,1,999.0
pay_0784,merch_100,cust_1062,2999,INR,wallet,bank_declined,FAILED,2,0.94,109,0,1,SEND_REMINDER,1,2999.0
pay_0785,merch_102,cust_1034,199,INR,netbanking,authentication_failure,FAILED,3,0.57,165,0,0,STOP,0,0.0
pay_0786,merch_105,cust_1124,199,INR,upi,temporary_network_error,FAILED,1,0.61,17,1,1,RETRY_PAYMENT,0,0.0
pay_0787,merch_105,cust_1168,499,INR,wallet,limit_exceeded,FAILED,1,0.3,147,0,1,SEND_REMINDER,0,0.0
pay_0788,merch_104,cust_1198,25000,INR,netbanking,bank_declined,FAILED,1,0.3,32,1,1,SEND_PAYMENT_LINK,1,25000.0
pay_0789,merch_104,cust_1188,9999,INR,card,bank_declined,FAILED,1,0.22,45,0,1,SEND_PAYMENT_LINK,0,0.0
pay_0790,merch_103,cust_1104,2999,INR,upi,bank_declined,FAILED,2,0.42,29,1,1,SEND_REMINDER,0,0.0
pay_0791,merch_103,cust_1174,1499,INR,netbanking,insufficient_funds,FAILED,1,0.5,95,1,1,SEND_PAYMENT_LINK,1,1499.0
pay_0792,merch_104,cust_1008,199,INR,card,authentication_failure,FAILED,2,0.43,164,1,1,SEND_REMINDER,0,0.0
pay_0793,merch_105,cust_1031,25000,INR,card,bank_declined,FAILED,2,0.11,101,1,1,SEND_PAYMENT_LINK,1,25000.0
pay_0794,merch_101,cust_1076,1499,INR,card,bank_declined,FAILED,3,0.37,165,1,0,STOP,0,0.0
pay_0795,merch_100,cust_1070,499,INR,wallet,bank_declined,FAILED,3,0.45,86,1,0,STOP,0,0.0
pay_0796,merch_100,cust_1041,2999,INR,upi,authentication_failure,FAILED,2,0.61,141,1,1,SEND_REMINDER,1,2999.0
pay_0797,merch_100,cust_1195,199,INR,card,limit_exceeded,FAILED,2,0.77,35,0,1,SEND_REMINDER,1,199.0
pay_0798,merch_105,cust_1078,4999,INR,upi,temporary_network_error,FAILED,1,0.31,167,0,1,RETRY_PAYMENT,0,0.0
pay_0799,merch_105,cust_1105,4999,INR,wallet,bank_declined,FAILED,3,0.21,45,1,0,STOP,0,0.0
pay_0800,merch_102,cust_1050,499,INR,wallet,authentication_failure,FAILED,1,0.43,97,0,1,SEND_REMINDER,1,499.0
pay_0801,merch_100,cust_1142,1499,INR,upi,bank_declined,FAILED,1,0.32,44,0,1,SEND_REMINDER,1,1499.0
pay_0802,merch_103,cust_1153,2999,INR,card,temporary_network_error,FAILED,1,0.24,146,0,1,RETRY_PAYMENT,1,2999.0
pay_0803,merch_104,cust_1111,15000,INR,wallet,temporary_network_error,FAILED,1,0.71,49,1,1,RETRY_PAYMENT,1,15000.0
pay_0804,merch_103,cust_1097,999,INR,wallet,insufficient_funds,FAILED,2,0.28,73,0,1,SEND_PAYMENT_LINK,0,0.0
pay_0805,merch_103,cust_1037,199,INR,netbanking,authentication_failure,FAILED,1,0.63,64,1,1,SEND_REMINDER,0,0.0
pay_0806,merch_105,cust_1117,499,INR,upi,bank_declined,FAILED,1,0.84,178,1,1,SEND_REMINDER,0,0.0
pay_0807,merch_105,cust_1098,9999,INR,netbanking,temporary_network_error,FAILED,1,0.57,14,1,1,RETRY_PAYMENT,0,0.0
pay_0808,merch_103,cust_1090,199,INR,upi,authentication_failure,FAILED,2,0.63,78,1,1,SEND_REMINDER,0,0.0
pay_0809,merch_101,cust_1143,199,INR,card,authentication_failure,FAILED,1,0.53,87,1,1,SEND_REMINDER,1,199.0
pay_0810,merch_102,cust_1181,25000,INR,wallet,insufficient_funds,FAILED,1,0.2,12,0,1,SEND_PAYMENT_LINK,0,0.0
pay_0811,merch_102,cust_1191,4999,INR,wallet,authentication_failure,FAILED,1,0.62,68,1,1,SEND_REMINDER,1,4999.0
pay_0812,merch_101,cust_1080,15000,INR,card,timeout,FAILED,3,0.64,113,0,1,RETRY_PAYMENT,1,15000.0
pay_0813,merch_100,cust_1058,999,INR,upi,bank_declined,FAILED,1,0.24,120,1,1,SEND_REMINDER,1,999.0
pay_0814,merch_103,cust_1010,15000,INR,netbanking,limit_exceeded,FAILED,2,0.51,127,0,1,SEND_PAYMENT_LINK,0,0.0
pay_0815,merch_101,cust_1031,4999,INR,upi,insufficient_funds,FAILED,1,0.25,44,1,1,SEND_PAYMENT_LINK,0,0.0
pay_0816,merch_105,cust_1149,1499,INR,upi,timeout,FAILED,2,0.25,20,0,1,RETRY_PAYMENT,1,1499.0
pay_0817,merch_105,cust_1024,4999,INR,upi,authentication_failure,FAILED,3,0.93,32,1,1,SEND_REMINDER,0,0.0
pay_0818,merch_100,cust_1082,999,INR,upi,temporary_network_error,FAILED,2,0.81,169,1,1,RETRY_PAYMENT,1,999.0
pay_0819,merch_102,cust_1152,199,INR,netbanking,temporary_network_error,FAILED,3,0.63,116,1,1,RETRY_PAYMENT,0,0.0
pay_0820,merch_105,cust_1145,999,INR,card,temporary_network_error,FAILED,3,0.34,15,0,1,RETRY_PAYMENT,0,0.0
pay_0821,merch_104,cust_1097,499,INR,wallet,authentication_failure,FAILED,1,0.3,103,0,1,SEND_REMINDER,1,499.0
pay_0822,merch_101,cust_1041,9999,INR,wallet,authentication_failure,FAILED,3,0.74,168,0,1,SEND_PAYMENT_LINK,1,9999.0
pay_0823,merch_103,cust_1110,2999,INR,card,authentication_failure,FAILED,3,0.18,95,0,0,STOP,0,0.0
pay_0824,merch_103,cust_1114,9999,INR,wallet,authentication_failure,FAILED,2,0.61,24,1,1,SEND_PAYMENT_LINK,0,0.0
pay_0825,merch_104,cust_1047,9999,INR,wallet,temporary_network_error,FAILED,1,0.54,119,0,1,RETRY_PAYMENT,1,9999.0
pay_0826,merch_105,cust_1039,15000,INR,upi,authentication_failure,FAILED,2,0.47,123,1,1,SEND_PAYMENT_LINK,1,15000.0
pay_0827,merch_101,cust_1175,2999,INR,card,timeout,FAILED,2,0.35,13,0,1,RETRY_PAYMENT,0,0.0
pay_0828,merch_104,cust_1027,25000,INR,wallet,bank_declined,FAILED,1,0.49,146,1,1,SEND_PAYMENT_LINK,1,25000.0
pay_0829,merch_104,cust_1020,25000,INR,upi,temporary_network_error,FAILED,3,0.66,46,0,1,RETRY_PAYMENT,0,0.0
pay_0830,merch_100,cust_1021,9999,INR,netbanking,authentication_failure,FAILED,2,0.72,172,1,1,SEND_PAYMENT_LINK,1,9999.0
pay_0831,merch_102,cust_1087,999,INR,card,insufficient_funds,FAILED,1,0.73,155,1,1,SEND_PAYMENT_LINK,0,0.0
pay_0832,merch_100,cust_1111,25000,INR,upi,temporary_network_error,FAILED,2,0.2,44,1,1,RETRY_PAYMENT,1,25000.0
pay_0833,merch_103,cust_1168,15000,INR,netbanking,timeout,FAILED,2,0.41,173,1,1,RETRY_PAYMENT,0,0.0
pay_0834,merch_100,cust_1032,999,INR,upi,insufficient_funds,FAILED,1,0.79,179,0,1,SEND_PAYMENT_LINK,0,0.0
pay_0835,merch_101,cust_1123,999,INR,card,bank_declined,FAILED,3,0.83,138,0,1,SEND_REMINDER,1,999.0
pay_0836,merch_103,cust_1037,15000,INR,wallet,temporary_network_error,FAILED,1,0.24,40,1,1,RETRY_PAYMENT,0,0.0
pay_0837,merch_103,cust_1005,15000,INR,card,insufficient_funds,FAILED,1,0.58,101,0,1,SEND_PAYMENT_LINK,0,0.0
pay_0838,merch_100,cust_1161,9999,INR,wallet,bank_declined,FAILED,3,0.59,142,1,0,STOP,0,0.0
pay_0839,merch_100,cust_1124,9999,INR,wallet,timeout,FAILED,2,0.72,174,1,1,RETRY_PAYMENT,1,9999.0
pay_0840,merch_100,cust_1135,199,INR,wallet,timeout,FAILED,1,0.57,69,1,1,RETRY_PAYMENT,0,0.0
pay_0841,merch_100,cust_1126,4999,INR,wallet,limit_exceeded,FAILED,2,0.12,74,0,1,SEND_REMINDER,0,0.0
pay_0842,merch_103,cust_1059,25000,INR,card,timeout,FAILED,3,0.39,155,1,1,RETRY_PAYMENT,1,25000.0
pay_0843,merch_102,cust_1185,9999,INR,wallet,limit_exceeded,FAILED,3,0.72,121,0,0,STOP,0,0.0
pay_0844,merch_104,cust_1053,2999,INR,upi,limit_exceeded,FAILED,2,0.21,52,0,1,SEND_REMINDER,0,0.0
pay_0845,merch_100,cust_1106,15000,INR,netbanking,insufficient_funds,FAILED,1,0.57,5,1,1,SEND_PAYMENT_LINK,0,0.0
pay_0846,merch_102,cust_1173,999,INR,card,timeout,FAILED,1,0.79,87,1,1,RETRY_PAYMENT,1,999.0
pay_0847,merch_101,cust_1030,25000,INR,card,bank_declined,FAILED,1,0.94,91,0,1,SEND_PAYMENT_LINK,0,0.0
pay_0848,merch_104,cust_1068,999,INR,upi,limit_exceeded,FAILED,1,0.89,113,1,1,SEND_REMINDER,0,0.0
pay_0849,merch_100,cust_1027,499,INR,upi,timeout,FAILED,1,0.24,31,0,1,RETRY_PAYMENT,0,0.0
pay_0850,merch_101,cust_1186,2999,INR,wallet,timeout,FAILED,2,0.72,26,0,1,RETRY_PAYMENT,1,2999.0
pay_0851,merch_102,cust_1035,499,INR,card,bank_declined,FAILED,2,0.75,2,0,1,SEND_REMINDER,0,0.0
pay_0852,merch_103,cust_1087,2999,INR,card,temporary_network_error,FAILED,1,0.42,107,1,1,RETRY_PAYMENT,1,2999.0
pay_0853,merch_101,cust_1038,25000,INR,wallet,insufficient_funds,FAILED,1,0.78,106,1,1,SEND_PAYMENT_LINK,0,0.0
pay_0854,merch_104,cust_1174,4999,INR,upi,bank_declined,FAILED,1,0.75,133,0,1,SEND_REMINDER,1,4999.0
pay_0855,merch_102,cust_1102,999,INR,wallet,temporary_network_error,FAILED,2,0.75,170,0,1,RETRY_PAYMENT,1,999.0
pay_0856,merch_100,cust_1161,25000,INR,netbanking,bank_declined,FAILED,2,0.85,180,1,1,SEND_PAYMENT_LINK,0,0.0
pay_0857,merch_102,cust_1088,199,INR,netbanking,timeout,FAILED,2,0.88,180,1,1,RETRY_PAYMENT,1,199.0
pay_0858,merch_101,cust_1139,15000,INR,netbanking,limit_exceeded,FAILED,2,0.76,78,0,1,SEND_PAYMENT_LINK,1,15000.0
pay_0859,merch_102,cust_1099,999,INR,netbanking,insufficient_funds,FAILED,1,0.53,80,1,1,SEND_PAYMENT_LINK,0,0.0
pay_0860,merch_101,cust_1005,199,INR,netbanking,insufficient_funds,FAILED,1,0.72,130,0,1,SEND_PAYMENT_LINK,0,0.0
pay_0861,merch_102,cust_1066,25000,INR,netbanking,temporary_network_error,FAILED,1,0.74,32,1,1,RETRY_PAYMENT,1,25000.0
pay_0862,merch_105,cust_1001,15000,INR,netbanking,insufficient_funds,FAILED,3,0.94,145,0,0,STOP,0,0.0
pay_0863,merch_102,cust_1076,2999,INR,card,limit_exceeded,FAILED,2,0.54,64,0,1,SEND_REMINDER,0,0.0
pay_0864,merch_104,cust_1049,4999,INR,wallet,temporary_network_error,FAILED,1,0.7,106,0,1,RETRY_PAYMENT,1,4999.0
pay_0865,merch_103,cust_1033,15000,INR,card,bank_declined,FAILED,1,0.41,135,1,1,SEND_PAYMENT_LINK,0,0.0
pay_0866,merch_104,cust_1199,9999,INR,netbanking,timeout,FAILED,2,0.64,113,1,1,RETRY_PAYMENT,1,9999.0
pay_0867,merch_103,cust_1041,999,INR,card,bank_declined,FAILED,3,0.49,132,0,0,STOP,0,0.0
pay_0868,merch_105,cust_1054,15000,INR,wallet,temporary_network_error,FAILED,3,0.23,144,1,1,RETRY_PAYMENT,0,0.0
pay_0869,merch_100,cust_1154,9999,INR,upi,temporary_network_error,FAILED,1,0.59,11,0,1,RETRY_PAYMENT,1,9999.0
pay_0870,merch_102,cust_1095,2999,INR,netbanking,bank_declined,FAILED,1,0.77,37,1,1,SEND_REMINDER,1,2999.0
pay_0871,merch_102,cust_1072,1499,INR,card,limit_exceeded,FAILED,2,0.1,141,1,1,SEND_REMINDER,1,1499.0
pay_0872,merch_100,cust_1106,15000,INR,netbanking,timeout,FAILED,2,0.87,97,1,1,RETRY_PAYMENT,1,15000.0
pay_0873,merch_104,cust_1033,999,INR,wallet,bank_declined,FAILED,3,0.48,84,0,0,STOP,0,0.0
pay_0874,merch_104,cust_1170,9999,INR,wallet,insufficient_funds,FAILED,2,0.39,12,1,1,SEND_PAYMENT_LINK,0,0.0
pay_0875,merch_105,cust_1022,999,INR,upi,timeout,FAILED,3,0.78,80,0,1,RETRY_PAYMENT,1,999.0
pay_0876,merch_100,cust_1049,25000,INR,upi,timeout,FAILED,2,0.26,122,0,1,RETRY_PAYMENT,1,25000.0
pay_0877,merch_104,cust_1046,199,INR,netbanking,insufficient_funds,FAILED,1,0.81,149,1,1,SEND_PAYMENT_LINK,1,199.0
pay_0878,merch_104,cust_1155,4999,INR,wallet,timeout,FAILED,1,0.52,6,1,1,RETRY_PAYMENT,1,4999.0
pay_0879,merch_103,cust_1006,25000,INR,netbanking,bank_declined,FAILED,1,0.18,26,0,1,SEND_PAYMENT_LINK,1,25000.0
pay_0880,merch_101,cust_1065,499,INR,card,authentication_failure,FAILED,2,0.68,16,1,1,SEND_REMINDER,1,499.0
pay_0881,merch_105,cust_1014,2999,INR,wallet,temporary_network_error,FAILED,1,0.22,83,1,1,RETRY_PAYMENT,1,2999.0
pay_0882,merch_100,cust_1013,1499,INR,card,timeout,FAILED,2,0.3,131,1,1,RETRY_PAYMENT,0,0.0
pay_0883,merch_102,cust_1015,4999,INR,wallet,timeout,FAILED,2,0.16,8,1,1,RETRY_PAYMENT,1,4999.0
pay_0884,merch_100,cust_1068,25000,INR,upi,insufficient_funds,FAILED,2,0.65,33,1,1,SEND_PAYMENT_LINK,0,0.0
pay_0885,merch_103,cust_1021,25000,INR,card,insufficient_funds,FAILED,1,0.56,44,0,1,SEND_PAYMENT_LINK,0,0.0
pay_0886,merch_103,cust_1142,15000,INR,upi,temporary_network_error,FAILED,2,0.92,159,1,1,RETRY_PAYMENT,1,15000.0
pay_0887,merch_101,cust_1000,199,INR,wallet,authentication_failure,FAILED,2,0.31,175,1,1,SEND_REMINDER,0,0.0
pay_0888,merch_105,cust_1054,25000,INR,netbanking,temporary_network_error,FAILED,1,0.73,145,0,1,RETRY_PAYMENT,1,25000.0
pay_0889,merch_103,cust_1178,499,INR,card,limit_exceeded,FAILED,2,0.95,111,0,1,SEND_REMINDER,0,0.0
pay_0890,merch_102,cust_1174,4999,INR,netbanking,limit_exceeded,FAILED,2,0.33,170,1,1,SEND_REMINDER,0,0.0
pay_0891,merch_103,cust_1153,4999,INR,upi,limit_exceeded,FAILED,1,0.65,1,1,1,SEND_REMINDER,1,4999.0
pay_0892,merch_100,cust_1172,999,INR,wallet,timeout,FAILED,3,0.7,101,0,1,RETRY_PAYMENT,0,0.0
pay_0893,merch_105,cust_1166,499,INR,upi,limit_exceeded,FAILED,2,0.67,91,1,1,SEND_REMINDER,0,0.0
pay_0894,merch_102,cust_1099,999,INR,upi,temporary_network_error,FAILED,2,0.41,50,1,1,RETRY_PAYMENT,1,999.0
pay_0895,merch_105,cust_1005,2999,INR,netbanking,insufficient_funds,FAILED,1,0.79,161,1,1,SEND_PAYMENT_LINK,0,0.0
pay_0896,merch_101,cust_1059,15000,INR,netbanking,temporary_network_error,FAILED,1,0.52,156,0,1,RETRY_PAYMENT,1,15000.0
pay_0897,merch_105,cust_1101,499,INR,netbanking,timeout,FAILED,2,0.52,142,0,1,RETRY_PAYMENT,1,499.0
pay_0898,merch_104,cust_1172,999,INR,upi,timeout,FAILED,1,0.73,33,1,1,RETRY_PAYMENT,1,999.0
pay_0899,merch_101,cust_1133,2999,INR,card,limit_exceeded,FAILED,1,0.94,178,1,1,SEND_REMINDER,0,0.0
pay_0900,merch_103,cust_1000,9999,INR,upi,authentication_failure,FAILED,2,0.82,105,1,1,SEND_PAYMENT_LINK,1,9999.0
pay_0901,merch_104,cust_1119,15000,INR,netbanking,timeout,FAILED,1,0.85,58,0,1,RETRY_PAYMENT,1,15000.0
pay_0902,merch_103,cust_1136,15000,INR,netbanking,temporary_network_error,FAILED,2,0.27,21,0,1,RETRY_PAYMENT,0,0.0
pay_0903,merch_101,cust_1176,9999,INR,upi,insufficient_funds,FAILED,1,0.24,80,0,1,SEND_PAYMENT_LINK,0,0.0
pay_0904,merch_100,cust_1007,15000,INR,wallet,temporary_network_error,FAILED,2,0.78,86,1,1,RETRY_PAYMENT,1,15000.0
pay_0905,merch_103,cust_1061,4999,INR,upi,authentication_failure,FAILED,2,0.77,19,1,1,SEND_REMINDER,0,0.0
pay_0906,merch_105,cust_1114,499,INR,upi,temporary_network_error,FAILED,1,0.42,178,0,1,RETRY_PAYMENT,1,499.0
pay_0907,merch_100,cust_1113,199,INR,netbanking,timeout,FAILED,3,0.47,27,0,1,RETRY_PAYMENT,0,0.0
pay_0908,merch_102,cust_1097,9999,INR,upi,timeout,FAILED,2,0.3,154,0,1,RETRY_PAYMENT,1,9999.0
pay_0909,merch_103,cust_1109,499,INR,netbanking,limit_exceeded,FAILED,3,0.77,117,1,0,STOP,0,0.0
pay_0910,merch_104,cust_1049,499,INR,upi,temporary_network_error,FAILED,2,0.71,152,0,1,RETRY_PAYMENT,1,499.0
pay_0911,merch_101,cust_1163,25000,INR,netbanking,authentication_failure,FAILED,2,0.51,159,1,1,SEND_PAYMENT_LINK,1,25000.0
pay_0912,merch_101,cust_1011,199,INR,card,authentication_failure,FAILED,2,0.47,167,1,1,SEND_REMINDER,1,199.0
pay_0913,merch_104,cust_1198,999,INR,card,bank_declined,FAILED,1,0.61,75,1,1,SEND_REMINDER,0,0.0
pay_0914,merch_104,cust_1150,999,INR,upi,insufficient_funds,FAILED,2,0.8,144,0,1,SEND_PAYMENT_LINK,1,999.0
pay_0915,merch_101,cust_1051,1499,INR,upi,authentication_failure,FAILED,1,0.67,178,1,1,SEND_REMINDER,0,0.0
pay_0916,merch_102,cust_1148,4999,INR,netbanking,bank_declined,FAILED,1,0.24,117,0,1,SEND_REMINDER,1,4999.0
pay_0917,merch_100,cust_1163,1499,INR,card,bank_declined,FAILED,2,0.28,124,1,1,SEND_REMINDER,0,0.0
pay_0918,merch_103,cust_1052,9999,INR,card,temporary_network_error,FAILED,1,0.11,92,0,1,RETRY_PAYMENT,1,9999.0
pay_0919,merch_101,cust_1074,15000,INR,card,limit_exceeded,FAILED,2,0.88,93,0,1,SEND_PAYMENT_LINK,0,0.0
pay_0920,merch_101,cust_1050,2999,INR,card,insufficient_funds,FAILED,1,0.71,87,0,1,SEND_PAYMENT_LINK,1,2999.0
pay_0921,merch_100,cust_1045,2999,INR,upi,temporary_network_error,FAILED,3,0.22,168,0,1,RETRY_PAYMENT,1,2999.0
pay_0922,merch_101,cust_1078,15000,INR,card,authentication_failure,FAILED,1,0.66,135,1,1,SEND_PAYMENT_LINK,0,0.0
pay_0923,merch_100,cust_1030,999,INR,card,insufficient_funds,FAILED,1,0.55,178,1,1,SEND_PAYMENT_LINK,0,0.0
pay_0924,merch_103,cust_1162,1499,INR,upi,timeout,FAILED,2,0.26,138,1,1,RETRY_PAYMENT,1,1499.0
pay_0925,merch_102,cust_1063,199,INR,netbanking,insufficient_funds,FAILED,2,0.92,126,0,1,SEND_PAYMENT_LINK,0,0.0
pay_0926,merch_103,cust_1169,499,INR,card,timeout,FAILED,2,0.74,166,1,1,RETRY_PAYMENT,1,499.0
pay_0927,merch_103,cust_1045,4999,INR,netbanking,timeout,FAILED,3,0.51,127,1,1,RETRY_PAYMENT,1,4999.0
pay_0928,merch_103,cust_1163,199,INR,card,insufficient_funds,FAILED,1,0.48,61,1,1,SEND_PAYMENT_LINK,1,199.0
pay_0929,merch_103,cust_1096,999,INR,netbanking,authentication_failure,FAILED,2,0.17,22,1,1,SEND_REMINDER,1,999.0
pay_0930,merch_102,cust_1058,199,INR,wallet,timeout,FAILED,2,0.39,116,1,1,RETRY_PAYMENT,1,199.0
pay_0931,merch_102,cust_1127,4999,INR,netbanking,bank_declined,FAILED,1,0.25,60,1,1,SEND_REMINDER,0,0.0
pay_0932,merch_102,cust_1021,2999,INR,upi,authentication_failure,FAILED,1,0.18,19,1,1,SEND_REMINDER,1,2999.0
pay_0933,merch_101,cust_1085,1499,INR,netbanking,authentication_failure,FAILED,1,0.73,175,1,1,SEND_REMINDER,1,1499.0
pay_0934,merch_104,cust_1035,25000,INR,netbanking,temporary_network_error,FAILED,1,0.34,89,1,1,RETRY_PAYMENT,0,0.0
pay_0935,merch_104,cust_1193,199,INR,wallet,limit_exceeded,FAILED,2,0.94,39,1,1,SEND_REMINDER,1,199.0
pay_0936,merch_105,cust_1191,1499,INR,wallet,insufficient_funds,FAILED,2,0.6,142,1,1,SEND_PAYMENT_LINK,0,0.0
pay_0937,merch_103,cust_1087,499,INR,netbanking,insufficient_funds,FAILED,2,0.75,179,1,1,SEND_PAYMENT_LINK,1,499.0
pay_0938,merch_103,cust_1142,199,INR,netbanking,insufficient_funds,FAILED,2,0.84,79,0,1,SEND_PAYMENT_LINK,0,0.0
pay_0939,merch_105,cust_1090,4999,INR,card,bank_declined,FAILED,2,0.68,104,1,1,SEND_REMINDER,1,4999.0
pay_0940,merch_100,cust_1145,199,INR,card,insufficient_funds,FAILED,1,0.58,155,1,1,SEND_PAYMENT_LINK,0,0.0
pay_0941,merch_101,cust_1100,499,INR,wallet,insufficient_funds,FAILED,2,0.19,146,1,1,SEND_PAYMENT_LINK,0,0.0
pay_0942,merch_102,cust_1023,999,INR,upi,limit_exceeded,FAILED,2,0.25,177,1,1,SEND_REMINDER,1,999.0
pay_0943,merch_101,cust_1017,9999,INR,netbanking,insufficient_funds,FAILED,1,0.35,135,0,1,SEND_PAYMENT_LINK,0,0.0
pay_0944,merch_102,cust_1132,199,INR,card,authentication_failure,FAILED,2,0.43,29,0,1,SEND_REMINDER,0,0.0
pay_0945,merch_103,cust_1190,499,INR,wallet,insufficient_funds,FAILED,1,0.84,80,1,1,SEND_PAYMENT_LINK,0,0.0
pay_0946,merch_105,cust_1121,999,INR,netbanking,timeout,FAILED,1,0.53,176,1,1,RETRY_PAYMENT,1,999.0
pay_0947,merch_100,cust_1036,15000,INR,upi,bank_declined,FAILED,2,0.79,135,1,1,SEND_PAYMENT_LINK,0,0.0
pay_0948,merch_103,cust_1117,15000,INR,upi,limit_exceeded,FAILED,1,0.34,117,1,1,SEND_PAYMENT_LINK,0,0.0
pay_0949,merch_105,cust_1076,9999,INR,card,bank_declined,FAILED,1,0.25,159,1,1,SEND_PAYMENT_LINK,1,9999.0
pay_0950,merch_105,cust_1046,499,INR,wallet,limit_exceeded,FAILED,1,0.3,41,1,1,SEND_REMINDER,0,0.0
pay_0951,merch_104,cust_1074,499,INR,card,bank_declined,FAILED,2,0.94,142,0,1,SEND_REMINDER,0,0.0
pay_0952,merch_100,cust_1193,499,INR,netbanking,bank_declined,FAILED,2,0.24,54,0,1,SEND_REMINDER,1,499.0
pay_0953,merch_100,cust_1163,15000,INR,wallet,authentication_failure,FAILED,3,0.44,50,1,0,STOP,0,0.0
pay_0954,merch_100,cust_1002,2999,INR,upi,limit_exceeded,FAILED,1,0.38,119,1,1,SEND_REMINDER,0,0.0
pay_0955,merch_100,cust_1140,1499,INR,wallet,insufficient_funds,FAILED,2,0.8,42,0,1,SEND_PAYMENT_LINK,0,0.0
pay_0956,merch_104,cust_1025,999,INR,netbanking,temporary_network_error,FAILED,2,0.73,44,0,1,RETRY_PAYMENT,1,999.0
pay_0957,merch_100,cust_1173,2999,INR,card,bank_declined,FAILED,1,0.25,9,0,1,SEND_REMINDER,1,2999.0
pay_0958,merch_100,cust_1162,25000,INR,upi,bank_declined,FAILED,3,0.36,14,0,0,STOP,0,0.0
pay_0959,merch_100,cust_1197,9999,INR,card,insufficient_funds,FAILED,1,0.87,52,0,1,SEND_PAYMENT_LINK,1,9999.0
pay_0960,merch_100,cust_1003,4999,INR,card,limit_exceeded,FAILED,3,0.15,25,0,0,STOP,0,0.0
pay_0961,merch_105,cust_1042,199,INR,wallet,timeout,FAILED,1,0.79,83,0,1,RETRY_PAYMENT,1,199.0
pay_0962,merch_104,cust_1101,9999,INR,upi,insufficient_funds,FAILED,1,0.19,83,0,1,SEND_PAYMENT_LINK,1,9999.0
pay_0963,merch_105,cust_1080,199,INR,wallet,insufficient_funds,FAILED,2,0.29,169,1,1,SEND_PAYMENT_LINK,0,0.0
pay_0964,merch_102,cust_1011,499,INR,card,bank_declined,FAILED,1,0.75,128,0,1,SEND_REMINDER,0,0.0
pay_0965,merch_104,cust_1043,2999,INR,upi,timeout,FAILED,1,0.93,179,1,1,RETRY_PAYMENT,1,2999.0
pay_0966,merch_105,cust_1034,4999,INR,card,limit_exceeded,FAILED,3,0.37,171,1,0,STOP,0,0.0
pay_0967,merch_100,cust_1085,199,INR,wallet,bank_declined,FAILED,2,0.64,60,0,1,SEND_REMINDER,1,199.0
pay_0968,merch_104,cust_1194,499,INR,netbanking,insufficient_funds,FAILED,3,0.46,63,0,0,STOP,0,0.0
pay_0969,merch_100,cust_1035,4999,INR,wallet,authentication_failure,FAILED,1,0.23,53,0,1,SEND_REMINDER,1,4999.0
pay_0970,merch_105,cust_1153,15000,INR,netbanking,insufficient_funds,FAILED,1,0.37,11,1,1,SEND_PAYMENT_LINK,0,0.0
pay_0971,merch_102,cust_1192,199,INR,card,limit_exceeded,FAILED,1,0.39,53,0,1,SEND_REMINDER,0,0.0
pay_0972,merch_105,cust_1063,1499,INR,wallet,timeout,FAILED,1,0.26,162,0,1,RETRY_PAYMENT,1,1499.0
pay_0973,merch_103,cust_1017,1499,INR,upi,limit_exceeded,FAILED,1,0.9,33,0,1,SEND_REMINDER,1,1499.0
pay_0974,merch_104,cust_1052,1499,INR,upi,bank_declined,FAILED,3,0.5,43,0,0,STOP,0,0.0
pay_0975,merch_101,cust_1108,999,INR,card,authentication_failure,FAILED,1,0.59,163,0,1,SEND_REMINDER,1,999.0
pay_0976,merch_103,cust_1020,4999,INR,wallet,bank_declined,FAILED,1,0.5,109,1,1,SEND_REMINDER,0,0.0
pay_0977,merch_103,cust_1005,9999,INR,wallet,temporary_network_error,FAILED,1,0.61,40,0,1,RETRY_PAYMENT,1,9999.0
pay_0978,merch_103,cust_1078,15000,INR,netbanking,bank_declined,FAILED,2,0.62,19,1,1,SEND_PAYMENT_LINK,1,15000.0
pay_0979,merch_103,cust_1050,999,INR,card,temporary_network_error,FAILED,1,0.83,96,1,1,RETRY_PAYMENT,1,999.0
pay_0980,merch_103,cust_1101,4999,INR,wallet,bank_declined,FAILED,1,0.64,151,0,1,SEND_REMINDER,1,4999.0
pay_0981,merch_100,cust_1031,9999,INR,card,insufficient_funds,FAILED,2,0.91,90,1,1,SEND_PAYMENT_LINK,0,0.0
pay_0982,merch_102,cust_1178,199,INR,wallet,bank_declined,FAILED,3,0.31,123,0,0,STOP,0,0.0
pay_0983,merch_102,cust_1161,199,INR,card,authentication_failure,FAILED,2,0.49,175,0,1,SEND_REMINDER,1,199.0
pay_0984,merch_104,cust_1148,999,INR,upi,temporary_network_error,FAILED,1,0.65,99,1,1,RETRY_PAYMENT,1,999.0
pay_0985,merch_100,cust_1132,1499,INR,wallet,insufficient_funds,FAILED,2,0.31,78,1,1,SEND_PAYMENT_LINK,0,0.0
pay_0986,merch_105,cust_1105,499,INR,upi,limit_exceeded,FAILED,2,0.76,89,0,1,SEND_REMINDER,1,499.0
pay_0987,merch_101,cust_1191,9999,INR,netbanking,temporary_network_error,FAILED,1,0.79,1,0,1,RETRY_PAYMENT,1,9999.0
pay_0988,merch_105,cust_1106,25000,INR,wallet,limit_exceeded,FAILED,1,0.72,44,0,1,SEND_PAYMENT_LINK,1,25000.0
pay_0989,merch_105,cust_1034,1499,INR,wallet,insufficient_funds,FAILED,2,0.91,116,0,1,SEND_PAYMENT_LINK,1,1499.0
pay_0990,merch_100,cust_1191,999,INR,card,authentication_failure,FAILED,2,0.47,160,0,1,SEND_REMINDER,0,0.0
pay_0991,merch_101,cust_1020,2999,INR,upi,bank_declined,FAILED,1,0.34,88,0,1,SEND_REMINDER,0,0.0
pay_0992,merch_103,cust_1124,499,INR,upi,temporary_network_error,FAILED,1,0.74,2,0,1,RETRY_PAYMENT,1,499.0
pay_0993,merch_104,cust_1001,9999,INR,netbanking,bank_declined,FAILED,2,0.74,155,1,1,SEND_PAYMENT_LINK,1,9999.0
pay_0994,merch_105,cust_1087,4999,INR,card,authentication_failure,FAILED,3,0.44,157,0,0,STOP,0,0.0
pay_0995,merch_102,cust_1084,499,INR,upi,bank_declined,FAILED,3,0.44,36,0,0,STOP,0,0.0
pay_0996,merch_104,cust_1031,25000,INR,netbanking,limit_exceeded,FAILED,1,0.41,159,1,1,SEND_PAYMENT_LINK,0,0.0
pay_0997,merch_105,cust_1048,199,INR,netbanking,temporary_network_error,FAILED,3,0.41,12,1,1,RETRY_PAYMENT,0,0.0
pay_0998,merch_101,cust_1155,15000,INR,wallet,limit_exceeded,FAILED,2,0.77,90,1,1,SEND_PAYMENT_LINK,0,0.0
pay_0999,merch_103,cust_1168,499,INR,wallet,authentication_failure,FAILED,2,0.27,37,0,1,SEND_REMINDER,1,499.0
pay_1000,merch_100,cust_1077,25000,INR,wallet,insufficient_funds,FAILED,2,0.91,124,0,1,SEND_PAYMENT_LINK,1,25000.0
pay_1001,merch_101,cust_1192,499,INR,upi,bank_declined,FAILED,3,0.12,84,1,0,STOP,0,0.0
pay_1002,merch_102,cust_1056,2999,INR,wallet,limit_exceeded,FAILED,1,0.67,137,1,1,SEND_REMINDER,1,2999.0
pay_1003,merch_105,cust_1085,1499,INR,upi,limit_exceeded,FAILED,1,0.42,98,1,1,SEND_REMINDER,0,0.0
pay_1004,merch_101,cust_1066,499,INR,netbanking,temporary_network_error,FAILED,1,0.18,152,0,1,RETRY_PAYMENT,1,499.0
pay_1005,merch_100,cust_1146,4999,INR,card,authentication_failure,FAILED,2,0.59,1,1,1,SEND_REMINDER,1,4999.0
pay_1006,merch_104,cust_1048,9999,INR,wallet,authentication_failure,FAILED,1,0.78,33,0,1,SEND_PAYMENT_LINK,1,9999.0
pay_1007,merch_100,cust_1137,15000,INR,netbanking,insufficient_funds,FAILED,1,0.81,128,1,1,SEND_PAYMENT_LINK,1,15000.0
pay_1008,merch_102,cust_1037,199,INR,netbanking,authentication_failure,FAILED,2,0.94,32,1,1,SEND_REMINDER,0,0.0
pay_1009,merch_105,cust_1146,15000,INR,card,bank_declined,FAILED,1,0.7,97,0,1,SEND_PAYMENT_LINK,0,0.0
pay_1010,merch_102,cust_1039,1499,INR,card,limit_exceeded,FAILED,3,0.14,46,1,0,STOP,0,0.0
pay_1011,merch_105,cust_1100,2999,INR,card,temporary_network_error,FAILED,2,0.43,109,1,1,RETRY_PAYMENT,0,0.0
pay_1012,merch_103,cust_1100,499,INR,netbanking,authentication_failure,FAILED,3,0.88,180,1,1,SEND_REMINDER,1,499.0
pay_1013,merch_102,cust_1192,199,INR,netbanking,bank_declined,FAILED,3,0.24,36,1,0,STOP,0,0.0
pay_1014,merch_105,cust_1123,2999,INR,card,insufficient_funds,FAILED,1,0.78,51,0,1,SEND_PAYMENT_LINK,1,2999.0
pay_1015,merch_104,cust_1026,999,INR,wallet,bank_declined,FAILED,3,0.82,15,0,1,SEND_REMINDER,0,0.0
pay_1016,merch_103,cust_1045,199,INR,upi,timeout,FAILED,3,0.39,112,0,1,RETRY_PAYMENT,0,0.0
pay_1017,merch_103,cust_1062,199,INR,upi,insufficient_funds,FAILED,2,0.52,177,0,1,SEND_PAYMENT_LINK,0,0.0
pay_1018,merch_103,cust_1198,499,INR,wallet,limit_exceeded,FAILED,2,0.33,168,1,1,SEND_REMINDER,0,0.0
pay_1019,merch_100,cust_1029,499,INR,upi,bank_declined,FAILED,3,0.67,131,0,0,STOP,0,0.0
pay_1020,merch_100,cust_1150,15000,INR,netbanking,limit_exceeded,FAILED,3,0.18,152,0,0,STOP,0,0.0
pay_1021,merch_103,cust_1123,9999,INR,netbanking,timeout,FAILED,1,0.18,17,0,1,RETRY_PAYMENT,1,9999.0
pay_1022,merch_105,cust_1005,9999,INR,wallet,temporary_network_error,FAILED,2,0.81,138,0,1,RETRY_PAYMENT,1,9999.0
pay_1023,merch_101,cust_1168,499,INR,card,timeout,FAILED,3,0.25,143,1,1,RETRY_PAYMENT,0,0.0
pay_1024,merch_100,cust_1010,999,INR,card,limit_exceeded,FAILED,1,0.17,66,0,1,SEND_REMINDER,1,999.0
pay_1025,merch_100,cust_1129,2999,INR,netbanking,timeout,FAILED,1,0.46,169,0,1,RETRY_PAYMENT,1,2999.0
pay_1026,merch_100,cust_1132,2999,INR,wallet,insufficient_funds,FAILED,2,0.52,81,1,1,SEND_PAYMENT_LINK,0,0.0
pay_1027,merch_104,cust_1053,499,INR,upi,insufficient_funds,FAILED,1,0.26,77,0,1,SEND_PAYMENT_LINK,0,0.0
pay_1028,merch_104,cust_1141,1499,INR,netbanking,authentication_failure,FAILED,1,0.72,109,0,1,SEND_REMINDER,1,1499.0
pay_1029,merch_102,cust_1097,999,INR,wallet,bank_declined,FAILED,1,0.9,174,1,1,SEND_REMINDER,0,0.0
pay_1030,merch_101,cust_1137,1499,INR,upi,limit_exceeded,FAILED,3,0.33,163,0,0,STOP,0,0.0
pay_1031,merch_105,cust_1095,25000,INR,card,bank_declined,FAILED,1,0.37,112,1,1,SEND_PAYMENT_LINK,1,25000.0
pay_1032,merch_104,cust_1063,499,INR,netbanking,temporary_network_error,FAILED,2,0.19,141,1,1,RETRY_PAYMENT,1,499.0
pay_1033,merch_105,cust_1022,4999,INR,netbanking,authentication_failure,FAILED,1,0.84,58,1,1,SEND_REMINDER,1,4999.0
pay_1034,merch_103,cust_1056,9999,INR,upi,temporary_network_error,FAILED,1,0.55,79,1,1,RETRY_PAYMENT,1,9999.0
pay_1035,merch_102,cust_1179,2999,INR,netbanking,timeout,FAILED,1,0.86,44,1,1,RETRY_PAYMENT,1,2999.0
pay_1036,merch_103,cust_1046,4999,INR,wallet,bank_declined,FAILED,2,0.21,3,0,1,SEND_REMINDER,0,0.0
pay_1037,merch_101,cust_1096,2999,INR,upi,limit_exceeded,FAILED,3,0.93,64,1,0,STOP,0,0.0
pay_1038,merch_105,cust_1117,999,INR,wallet,authentication_failure,FAILED,2,0.53,71,1,1,SEND_REMINDER,0,0.0
pay_1039,merch_105,cust_1058,2999,INR,upi,authentication_failure,FAILED,2,0.75,24,0,1,SEND_REMINDER,1,2999.0
pay_1040,merch_101,cust_1023,999,INR,upi,temporary_network_error,FAILED,3,0.34,127,0,1,RETRY_PAYMENT,0,0.0
pay_1041,merch_103,cust_1173,25000,INR,card,bank_declined,FAILED,2,0.54,174,0,1,SEND_PAYMENT_LINK,1,25000.0
pay_1042,merch_104,cust_1048,199,INR,wallet,limit_exceeded,FAILED,2,0.74,63,0,1,SEND_REMINDER,0,0.0
pay_1043,merch_101,cust_1172,25000,INR,card,insufficient_funds,FAILED,1,0.41,35,1,1,SEND_PAYMENT_LINK,0,0.0
pay_1044,merch_103,cust_1126,9999,INR,card,authentication_failure,FAILED,1,0.39,174,0,1,SEND_PAYMENT_LINK,0,0.0
pay_1045,merch_100,cust_1074,2999,INR,wallet,authentication_failure,FAILED,1,0.28,162,1,1,SEND_REMINDER,1,2999.0
pay_1046,merch_102,cust_1164,25000,INR,upi,bank_declined,FAILED,2,0.82,15,1,1,SEND_PAYMENT_LINK,1,25000.0
pay_1047,merch_103,cust_1084,2999,INR,netbanking,temporary_network_error,FAILED,1,0.4,48,1,1,RETRY_PAYMENT,1,2999.0
pay_1048,merch_100,cust_1110,15000,INR,card,temporary_network_error,FAILED,2,0.54,40,1,1,RETRY_PAYMENT,1,15000.0
pay_1049,merch_103,cust_1001,999,INR,netbanking,insufficient_funds,FAILED,2,0.44,77,1,1,SEND_PAYMENT_LINK,0,0.0
pay_1050,merch_101,cust_1137,2999,INR,upi,bank_declined,FAILED,3,0.81,42,0,1,SEND_REMINDER,0,0.0
pay_1051,merch_103,cust_1001,4999,INR,card,temporary_network_error,FAILED,1,0.34,35,1,1,RETRY_PAYMENT,1,4999.0
pay_1052,merch_102,cust_1008,999,INR,card,bank_declined,FAILED,3,0.94,31,1,1,SEND_REMINDER,0,0.0
pay_1053,merch_103,cust_1174,999,INR,netbanking,bank_declined,FAILED,2,0.72,100,0,1,SEND_REMINDER,1,999.0
pay_1054,merch_100,cust_1005,999,INR,card,authentication_failure,FAILED,2,0.11,176,0,1,SEND_REMINDER,1,999.0
pay_1055,merch_102,cust_1109,199,INR,wallet,bank_declined,FAILED,1,0.34,22,1,1,SEND_REMINDER,1,199.0
pay_1056,merch_101,cust_1186,25000,INR,card,insufficient_funds,FAILED,1,0.75,68,0,1,SEND_PAYMENT_LINK,0,0.0
pay_1057,merch_103,cust_1050,15000,INR,upi,limit_exceeded,FAILED,3,0.53,47,0,0,STOP,0,0.0
pay_1058,merch_104,cust_1161,999,INR,card,temporary_network_error,FAILED,1,0.44,71,0,1,RETRY_PAYMENT,0,0.0
pay_1059,merch_103,cust_1004,1499,INR,upi,temporary_network_error,FAILED,2,0.45,79,0,1,RETRY_PAYMENT,1,1499.0
pay_1060,merch_103,cust_1122,199,INR,wallet,limit_exceeded,FAILED,1,0.36,69,1,1,SEND_REMINDER,1,199.0
pay_1061,merch_102,cust_1182,9999,INR,card,authentication_failure,FAILED,1,0.25,1,0,1,SEND_PAYMENT_LINK,0,0.0
pay_1062,merch_102,cust_1054,2999,INR,wallet,authentication_failure,FAILED,2,0.19,48,1,1,SEND_REMINDER,0,0.0
pay_1063,merch_102,cust_1085,2999,INR,upi,temporary_network_error,FAILED,3,0.11,142,0,1,RETRY_PAYMENT,1,2999.0
pay_1064,merch_105,cust_1092,25000,INR,netbanking,insufficient_funds,FAILED,3,0.33,150,1,0,STOP,0,0.0
pay_1065,merch_100,cust_1027,999,INR,upi,temporary_network_error,FAILED,2,0.92,168,0,1,RETRY_PAYMENT,1,999.0
pay_1066,merch_103,cust_1025,499,INR,netbanking,authentication_failure,FAILED,3,0.5,52,0,0,STOP,0,0.0
pay_1067,merch_100,cust_1032,1499,INR,wallet,timeout,FAILED,3,0.31,144,1,1,RETRY_PAYMENT,0,0.0
pay_1068,merch_103,cust_1161,499,INR,wallet,temporary_network_error,FAILED,2,0.46,129,0,1,RETRY_PAYMENT,1,499.0
pay_1069,merch_102,cust_1178,999,INR,netbanking,temporary_network_error,FAILED,2,0.15,178,0,1,RETRY_PAYMENT,1,999.0
pay_1070,merch_103,cust_1126,25000,INR,upi,insufficient_funds,FAILED,2,0.74,99,1,1,SEND_PAYMENT_LINK,1,25000.0
pay_1071,merch_102,cust_1052,999,INR,upi,insufficient_funds,FAILED,2,0.29,179,0,1,SEND_PAYMENT_LINK,0,0.0
pay_1072,merch_104,cust_1116,25000,INR,netbanking,authentication_failure,FAILED,1,0.35,69,0,1,SEND_PAYMENT_LINK,1,25000.0
pay_1073,merch_100,cust_1136,1499,INR,netbanking,temporary_network_error,FAILED,3,0.23,72,0,1,RETRY_PAYMENT,1,1499.0
pay_1074,merch_100,cust_1164,1499,INR,card,timeout,FAILED,1,0.1,89,1,1,RETRY_PAYMENT,1,1499.0
pay_1075,merch_105,cust_1140,2999,INR,card,bank_declined,FAILED,2,0.35,15,0,1,SEND_REMINDER,0,0.0
pay_1076,merch_101,cust_1187,2999,INR,card,authentication_failure,FAILED,1,0.56,150,0,1,SEND_REMINDER,0,0.0
pay_1077,merch_105,cust_1097,2999,INR,card,bank_declined,FAILED,1,0.38,53,1,1,SEND_REMINDER,1,2999.0
pay_1078,merch_101,cust_1186,9999,INR,netbanking,insufficient_funds,FAILED,2,0.18,47,1,1,SEND_PAYMENT_LINK,1,9999.0
pay_1079,merch_101,cust_1048,15000,INR,card,limit_exceeded,FAILED,1,0.12,42,0,1,SEND_PAYMENT_LINK,0,0.0
pay_1080,merch_105,cust_1155,1499,INR,upi,insufficient_funds,FAILED,1,0.46,117,1,1,SEND_PAYMENT_LINK,1,1499.0
pay_1081,merch_104,cust_1035,199,INR,upi,bank_declined,FAILED,2,0.12,4,0,1,SEND_REMINDER,1,199.0
pay_1082,merch_100,cust_1068,999,INR,upi,temporary_network_error,FAILED,1,0.56,87,0,1,RETRY_PAYMENT,1,999.0
pay_1083,merch_103,cust_1194,15000,INR,card,authentication_failure,FAILED,1,0.51,63,0,1,SEND_PAYMENT_LINK,0,0.0
pay_1084,merch_102,cust_1160,25000,INR,upi,temporary_network_error,FAILED,1,0.19,76,0,1,RETRY_PAYMENT,1,25000.0
pay_1085,merch_103,cust_1036,199,INR,card,temporary_network_error,FAILED,1,0.46,38,1,1,RETRY_PAYMENT,1,199.0
pay_1086,merch_101,cust_1175,9999,INR,upi,bank_declined,FAILED,1,0.94,58,0,1,SEND_PAYMENT_LINK,0,0.0
pay_1087,merch_102,cust_1091,499,INR,netbanking,temporary_network_error,FAILED,1,0.88,22,0,1,RETRY_PAYMENT,1,499.0
pay_1088,merch_101,cust_1109,25000,INR,netbanking,timeout,FAILED,1,0.68,39,1,1,RETRY_PAYMENT,1,25000.0
pay_1089,merch_102,cust_1089,499,INR,netbanking,bank_declined,FAILED,3,0.41,68,0,0,STOP,0,0.0
pay_1090,merch_100,cust_1038,999,INR,netbanking,insufficient_funds,FAILED,2,0.48,123,0,1,SEND_PAYMENT_LINK,1,999.0
pay_1091,merch_103,cust_1186,2999,INR,card,temporary_network_error,FAILED,1,0.95,47,1,1,RETRY_PAYMENT,1,2999.0
pay_1092,merch_103,cust_1108,15000,INR,wallet,timeout,FAILED,3,0.38,168,0,1,RETRY_PAYMENT,1,15000.0
pay_1093,merch_104,cust_1127,25000,INR,wallet,timeout,FAILED,2,0.8,99,0,1,RETRY_PAYMENT,1,25000.0
pay_1094,merch_103,cust_1134,1499,INR,upi,insufficient_funds,FAILED,1,0.1,5,1,1,SEND_PAYMENT_LINK,0,0.0
pay_1095,merch_101,cust_1028,199,INR,netbanking,authentication_failure,FAILED,1,0.35,37,1,1,SEND_REMINDER,1,199.0
pay_1096,merch_101,cust_1014,999,INR,upi,limit_exceeded,FAILED,3,0.22,7,1,0,STOP,0,0.0
pay_1097,merch_102,cust_1013,499,INR,upi,bank_declined,FAILED,2,0.84,8,0,1,SEND_REMINDER,1,499.0
pay_1098,merch_100,cust_1062,499,INR,upi,timeout,FAILED,2,0.23,47,1,1,RETRY_PAYMENT,1,499.0
pay_1099,merch_105,cust_1135,2999,INR,wallet,bank_declined,FAILED,3,0.39,166,0,0,STOP,0,0.0
pay_1100,merch_102,cust_1028,999,INR,upi,limit_exceeded,FAILED,1,0.61,45,0,1,SEND_REMINDER,1,999.0
pay_1101,merch_103,cust_1174,15000,INR,netbanking,timeout,FAILED,2,0.36,59,1,1,RETRY_PAYMENT,0,0.0
pay_1102,merch_102,cust_1023,25000,INR,wallet,insufficient_funds,FAILED,3,0.28,159,0,0,STOP,0,0.0
pay_1103,merch_101,cust_1100,999,INR,upi,limit_exceeded,FAILED,2,0.51,168,1,1,SEND_REMINDER,0,0.0
pay_1104,merch_101,cust_1013,4999,INR,wallet,insufficient_funds,FAILED,1,0.19,20,1,1,SEND_PAYMENT_LINK,0,0.0
pay_1105,merch_102,cust_1007,1499,INR,netbanking,insufficient_funds,FAILED,2,0.19,55,0,1,SEND_PAYMENT_LINK,0,0.0
pay_1106,merch_102,cust_1048,25000,INR,card,limit_exceeded,FAILED,1,0.3,22,0,1,SEND_PAYMENT_LINK,0,0.0
pay_1107,merch_103,cust_1011,199,INR,netbanking,temporary_network_error,FAILED,1,0.11,92,1,1,RETRY_PAYMENT,0,0.0
pay_1108,merch_104,cust_1049,4999,INR,wallet,limit_exceeded,FAILED,1,0.93,180,0,1,SEND_REMINDER,1,4999.0
pay_1109,merch_105,cust_1128,499,INR,card,temporary_network_error,FAILED,2,0.78,123,0,1,RETRY_PAYMENT,1,499.0
pay_1110,merch_101,cust_1174,15000,INR,upi,limit_exceeded,FAILED,1,0.91,60,0,1,SEND_PAYMENT_LINK,0,0.0
pay_1111,merch_105,cust_1036,999,INR,netbanking,bank_declined,FAILED,1,0.39,93,1,1,SEND_REMINDER,1,999.0
pay_1112,merch_105,cust_1198,9999,INR,card,insufficient_funds,FAILED,2,0.62,40,1,1,SEND_PAYMENT_LINK,1,9999.0
pay_1113,merch_100,cust_1036,2999,INR,upi,bank_declined,FAILED,1,0.49,44,1,1,SEND_REMINDER,1,2999.0
pay_1114,merch_102,cust_1147,4999,INR,netbanking,temporary_network_error,FAILED,1,0.25,118,1,1,RETRY_PAYMENT,0,0.0
pay_1115,merch_102,cust_1195,15000,INR,card,temporary_network_error,FAILED,2,0.52,94,1,1,RETRY_PAYMENT,1,15000.0
pay_1116,merch_104,cust_1174,999,INR,wallet,authentication_failure,FAILED,2,0.82,81,1,1,SEND_REMINDER,1,999.0
pay_1117,merch_103,cust_1129,15000,INR,netbanking,limit_exceeded,FAILED,1,0.63,165,0,1,SEND_PAYMENT_LINK,0,0.0
pay_1118,merch_101,cust_1179,25000,INR,upi,insufficient_funds,FAILED,1,0.35,41,1,1,SEND_PAYMENT_LINK,0,0.0
pay_1119,merch_101,cust_1099,15000,INR,upi,authentication_failure,FAILED,2,0.5,137,1,1,SEND_PAYMENT_LINK,1,15000.0
pay_1120,merch_101,cust_1187,499,INR,wallet,bank_declined,FAILED,1,0.44,17,1,1,SEND_REMINDER,1,499.0
pay_1121,merch_104,cust_1124,1499,INR,wallet,temporary_network_error,FAILED,1,0.49,140,0,1,RETRY_PAYMENT,0,0.0
pay_1122,merch_101,cust_1163,1499,INR,netbanking,timeout,FAILED,1,0.94,98,0,1,RETRY_PAYMENT,1,1499.0
pay_1123,merch_102,cust_1110,15000,INR,card,temporary_network_error,FAILED,1,0.84,176,1,1,RETRY_PAYMENT,1,15000.0
pay_1124,merch_105,cust_1045,499,INR,card,temporary_network_error,FAILED,1,0.44,77,1,1,RETRY_PAYMENT,0,0.0
pay_1125,merch_104,cust_1054,2999,INR,card,temporary_network_error,FAILED,1,0.86,110,1,1,RETRY_PAYMENT,0,0.0
pay_1126,merch_102,cust_1042,1499,INR,netbanking,bank_declined,FAILED,2,0.5,177,0,1,SEND_REMINDER,0,0.0
pay_1127,merch_103,cust_1090,9999,INR,upi,timeout,FAILED,2,0.27,171,0,1,RETRY_PAYMENT,1,9999.0
pay_1128,merch_105,cust_1190,4999,INR,upi,insufficient_funds,FAILED,2,0.89,128,1,1,SEND_PAYMENT_LINK,1,4999.0
pay_1129,merch_105,cust_1104,2999,INR,upi,bank_declined,FAILED,1,0.64,164,0,1,SEND_REMINDER,1,2999.0
pay_1130,merch_105,cust_1048,9999,INR,card,timeout,FAILED,2,0.28,54,0,1,RETRY_PAYMENT,0,0.0
pay_1131,merch_104,cust_1003,4999,INR,netbanking,temporary_network_error,FAILED,1,0.86,129,0,1,RETRY_PAYMENT,1,4999.0
pay_1132,merch_105,cust_1116,9999,INR,wallet,authentication_failure,FAILED,1,0.8,110,1,1,SEND_PAYMENT_LINK,1,9999.0
pay_1133,merch_101,cust_1117,9999,INR,netbanking,insufficient_funds,FAILED,2,0.61,139,1,1,SEND_PAYMENT_LINK,0,0.0
pay_1134,merch_105,cust_1176,9999,INR,netbanking,limit_exceeded,FAILED,2,0.9,26,0,1,SEND_PAYMENT_LINK,0,0.0
pay_1135,merch_100,cust_1022,199,INR,wallet,temporary_network_error,FAILED,2,0.74,160,0,1,RETRY_PAYMENT,1,199.0
pay_1136,merch_104,cust_1148,199,INR,netbanking,bank_declined,FAILED,1,0.29,117,1,1,SEND_REMINDER,1,199.0
pay_1137,merch_103,cust_1031,4999,INR,wallet,bank_declined,FAILED,3,0.7,102,0,0,STOP,0,0.0
pay_1138,merch_102,cust_1200,1499,INR,netbanking,authentication_failure,FAILED,3,0.32,107,0,0,STOP,0,0.0
pay_1139,merch_100,cust_1106,199,INR,upi,temporary_network_error,FAILED,1,0.77,133,1,1,RETRY_PAYMENT,1,199.0
pay_1140,merch_104,cust_1110,1499,INR,wallet,insufficient_funds,FAILED,2,0.65,14,1,1,SEND_PAYMENT_LINK,1,1499.0
pay_1141,merch_105,cust_1099,999,INR,wallet,authentication_failure,FAILED,2,0.23,60,0,1,SEND_REMINDER,0,0.0
pay_1142,merch_101,cust_1129,499,INR,wallet,limit_exceeded,FAILED,1,0.81,41,1,1,SEND_REMINDER,1,499.0
pay_1143,merch_100,cust_1006,9999,INR,upi,limit_exceeded,FAILED,2,0.23,159,0,1,SEND_PAYMENT_LINK,0,0.0
pay_1144,merch_100,cust_1190,999,INR,wallet,limit_exceeded,FAILED,3,0.76,48,0,0,STOP,0,0.0
pay_1145,merch_105,cust_1056,2999,INR,card,timeout,FAILED,1,0.72,97,1,1,RETRY_PAYMENT,1,2999.0
pay_1146,merch_102,cust_1021,999,INR,upi,limit_exceeded,FAILED,2,0.84,29,1,1,SEND_REMINDER,0,0.0
pay_1147,merch_100,cust_1027,999,INR,netbanking,authentication_failure,FAILED,1,0.18,127,1,1,SEND_REMINDER,0,0.0
pay_1148,merch_101,cust_1100,499,INR,wallet,temporary_network_error,FAILED,2,0.16,161,0,1,RETRY_PAYMENT,1,499.0
pay_1149,merch_103,cust_1096,4999,INR,wallet,insufficient_funds,FAILED,1,0.35,46,0,1,SEND_PAYMENT_LINK,1,4999.0
pay_1150,merch_102,cust_1088,15000,INR,upi,insufficient_funds,FAILED,2,0.73,32,0,1,SEND_PAYMENT_LINK,0,0.0
pay_1151,merch_104,cust_1005,25000,INR,card,insufficient_funds,FAILED,1,0.2,56,0,1,SEND_PAYMENT_LINK,0,0.0
pay_1152,merch_101,cust_1021,999,INR,netbanking,authentication_failure,FAILED,2,0.27,24,1,1,SEND_REMINDER,0,0.0
pay_1153,merch_105,cust_1075,15000,INR,wallet,bank_declined,FAILED,2,0.9,50,1,1,SEND_PAYMENT_LINK,1,15000.0
pay_1154,merch_105,cust_1183,2999,INR,wallet,temporary_network_error,FAILED,2,0.77,151,1,1,RETRY_PAYMENT,1,2999.0
pay_1155,merch_101,cust_1184,15000,INR,wallet,bank_declined,FAILED,2,0.61,70,1,1,SEND_PAYMENT_LINK,0,0.0
pay_1156,merch_104,cust_1098,9999,INR,card,timeout,FAILED,1,0.42,162,0,1,RETRY_PAYMENT,1,9999.0
pay_1157,merch_100,cust_1130,2999,INR,wallet,authentication_failure,FAILED,2,0.8,166,1,1,SEND_REMINDER,1,2999.0
pay_1158,merch_100,cust_1046,4999,INR,wallet,insufficient_funds,FAILED,1,0.31,56,1,1,SEND_PAYMENT_LINK,0,0.0
pay_1159,merch_102,cust_1031,199,INR,netbanking,limit_exceeded,FAILED,1,0.71,55,1,1,SEND_REMINDER,0,0.0
pay_1160,merch_102,cust_1059,25000,INR,upi,bank_declined,FAILED,1,0.61,135,0,1,SEND_PAYMENT_LINK,1,25000.0
pay_1161,merch_102,cust_1183,499,INR,wallet,limit_exceeded,FAILED,2,0.37,82,0,1,SEND_REMINDER,1,499.0
pay_1162,merch_103,cust_1127,199,INR,netbanking,bank_declined,FAILED,1,0.21,44,1,1,SEND_REMINDER,0,0.0
pay_1163,merch_101,cust_1147,199,INR,netbanking,temporary_network_error,FAILED,3,0.77,148,0,1,RETRY_PAYMENT,0,0.0
pay_1164,merch_102,cust_1033,9999,INR,upi,timeout,FAILED,2,0.13,166,0,1,RETRY_PAYMENT,1,9999.0
pay_1165,merch_100,cust_1106,2999,INR,netbanking,authentication_failure,FAILED,1,0.44,143,1,1,SEND_REMINDER,1,2999.0
pay_1166,merch_100,cust_1100,2999,INR,wallet,bank_declined,FAILED,3,0.92,32,1,1,SEND_REMINDER,0,0.0
pay_1167,merch_100,cust_1007,1499,INR,upi,temporary_network_error,FAILED,1,0.19,83,1,1,RETRY_PAYMENT,1,1499.0
pay_1168,merch_100,cust_1048,4999,INR,upi,limit_exceeded,FAILED,1,0.32,12,0,1,SEND_REMINDER,1,4999.0
pay_1169,merch_102,cust_1019,2999,INR,netbanking,limit_exceeded,FAILED,2,0.77,98,1,1,SEND_REMINDER,0,0.0
pay_1170,merch_101,cust_1149,15000,INR,upi,insufficient_funds,FAILED,1,0.83,150,1,1,SEND_PAYMENT_LINK,0,0.0
pay_1171,merch_105,cust_1031,25000,INR,card,timeout,FAILED,2,0.66,72,1,1,RETRY_PAYMENT,1,25000.0
pay_1172,merch_103,cust_1057,499,INR,netbanking,authentication_failure,FAILED,3,0.17,143,0,0,STOP,0,0.0
pay_1173,merch_105,cust_1165,1499,INR,upi,temporary_network_error,FAILED,2,0.15,4,0,1,RETRY_PAYMENT,1,1499.0
pay_1174,merch_103,cust_1048,15000,INR,upi,authentication_failure,FAILED,1,0.79,136,1,1,SEND_PAYMENT_LINK,0,0.0
pay_1175,merch_102,cust_1181,15000,INR,card,timeout,FAILED,1,0.88,57,1,1,RETRY_PAYMENT,1,15000.0
pay_1176,merch_103,cust_1158,25000,INR,card,bank_declined,FAILED,1,0.16,109,0,1,SEND_PAYMENT_LINK,0,0.0
pay_1177,merch_104,cust_1165,499,INR,card,bank_declined,FAILED,1,0.73,62,0,1,SEND_REMINDER,0,0.0
pay_1178,merch_101,cust_1068,199,INR,wallet,limit_exceeded,FAILED,2,0.48,68,0,1,SEND_REMINDER,0,0.0
pay_1179,merch_100,cust_1090,9999,INR,card,insufficient_funds,FAILED,2,0.53,131,1,1,SEND_PAYMENT_LINK,1,9999.0
pay_1180,merch_102,cust_1094,499,INR,upi,limit_exceeded,FAILED,2,0.72,109,0,1,SEND_REMINDER,1,499.0
pay_1181,merch_103,cust_1045,2999,INR,wallet,timeout,FAILED,2,0.19,13,0,1,RETRY_PAYMENT,0,0.0
pay_1182,merch_101,cust_1029,199,INR,upi,timeout,FAILED,1,0.3,137,0,1,RETRY_PAYMENT,1,199.0
pay_1183,merch_104,cust_1179,9999,INR,wallet,bank_declined,FAILED,1,0.29,178,1,1,SEND_PAYMENT_LINK,1,9999.0
pay_1184,merch_101,cust_1052,4999,INR,netbanking,limit_exceeded,FAILED,2,0.34,1,0,1,SEND_REMINDER,1,4999.0
pay_1185,merch_105,cust_1159,15000,INR,netbanking,limit_exceeded,FAILED,1,0.24,175,0,1,SEND_PAYMENT_LINK,1,15000.0
pay_1186,merch_102,cust_1116,999,INR,upi,limit_exceeded,FAILED,2,0.46,6,0,1,SEND_REMINDER,0,0.0
pay_1187,merch_100,cust_1043,199,INR,netbanking,bank_declined,FAILED,2,0.1,64,1,1,SEND_REMINDER,1,199.0
pay_1188,merch_100,cust_1145,2999,INR,card,timeout,FAILED,2,0.24,38,0,1,RETRY_PAYMENT,1,2999.0
pay_1189,merch_105,cust_1085,15000,INR,wallet,limit_exceeded,FAILED,1,0.94,66,1,1,SEND_PAYMENT_LINK,1,15000.0
pay_1190,merch_103,cust_1003,4999,INR,netbanking,limit_exceeded,FAILED,1,0.86,170,1,1,SEND_REMINDER,1,4999.0
pay_1191,merch_105,cust_1132,199,INR,card,bank_declined,FAILED,1,0.66,37,1,1,SEND_REMINDER,1,199.0
pay_1192,merch_101,cust_1147,9999,INR,netbanking,insufficient_funds,FAILED,3,0.18,97,0,0,STOP,0,0.0
pay_1193,merch_102,cust_1160,25000,INR,wallet,timeout,FAILED,1,0.33,174,1,1,RETRY_PAYMENT,0,0.0
pay_1194,merch_103,cust_1150,9999,INR,netbanking,authentication_failure,FAILED,1,0.13,134,1,1,SEND_PAYMENT_LINK,0,0.0
pay_1195,merch_100,cust_1110,15000,INR,netbanking,authentication_failure,FAILED,1,0.92,128,0,1,SEND_PAYMENT_LINK,1,15000.0
pay_1196,merch_101,cust_1133,2999,INR,card,authentication_failure,FAILED,2,0.35,76,0,1,SEND_REMINDER,1,2999.0
pay_1197,merch_101,cust_1072,499,INR,upi,bank_declined,FAILED,1,0.1,91,0,1,SEND_REMINDER,1,499.0
pay_1198,merch_101,cust_1089,2999,INR,card,temporary_network_error,FAILED,3,0.33,51,1,1,RETRY_PAYMENT,0,0.0
pay_1199,merch_100,cust_1074,1499,INR,upi,bank_declined,FAILED,1,0.31,174,1,1,SEND_REMINDER,1,1499.0
pay_1200,merch_100,cust_1066,2999,INR,netbanking,insufficient_funds,FAILED,2,0.47,83,0,1,SEND_PAYMENT_LINK,0,0.0
pay_1201,merch_101,cust_1064,999,INR,wallet,timeout,FAILED,1,0.36,22,1,1,RETRY_PAYMENT,1,999.0
pay_1202,merch_105,cust_1118,25000,INR,card,bank_declined,FAILED,2,0.18,135,1,1,SEND_PAYMENT_LINK,0,0.0
pay_1203,merch_104,cust_1175,4999,INR,wallet,authentication_failure,FAILED,2,0.5,106,1,1,SEND_REMINDER,1,4999.0
pay_1204,merch_104,cust_1006,9999,INR,upi,insufficient_funds,FAILED,2,0.87,63,1,1,SEND_PAYMENT_LINK,1,9999.0
pay_1205,merch_104,cust_1144,2999,INR,upi,bank_declined,FAILED,1,0.44,2,1,1,SEND_REMINDER,0,0.0
pay_1206,merch_104,cust_1117,199,INR,upi,temporary_network_error,FAILED,1,0.81,167,0,1,RETRY_PAYMENT,1,199.0
pay_1207,merch_100,cust_1074,15000,INR,netbanking,temporary_network_error,FAILED,1,0.73,173,0,1,RETRY_PAYMENT,1,15000.0
pay_1208,merch_104,cust_1036,25000,INR,wallet,insufficient_funds,FAILED,1,0.86,164,0,1,SEND_PAYMENT_LINK,1,25000.0
pay_1209,merch_102,cust_1184,199,INR,wallet,timeout,FAILED,3,0.27,18,0,1,RETRY_PAYMENT,1,199.0
pay_1210,merch_100,cust_1133,499,INR,card,insufficient_funds,FAILED,1,0.5,130,1,1,SEND_PAYMENT_LINK,0,0.0
pay_1211,merch_100,cust_1076,9999,INR,wallet,insufficient_funds,FAILED,1,0.82,140,1,1,SEND_PAYMENT_LINK,0,0.0
pay_1212,merch_105,cust_1112,499,INR,wallet,insufficient_funds,FAILED,3,0.12,37,0,0,STOP,0,0.0
pay_1213,merch_101,cust_1130,25000,INR,card,bank_declined,FAILED,2,0.35,171,0,1,SEND_PAYMENT_LINK,0,0.0
pay_1214,merch_103,cust_1094,2999,INR,wallet,bank_declined,FAILED,3,0.78,119,1,1,SEND_REMINDER,0,0.0
pay_1215,merch_101,cust_1007,2999,INR,wallet,temporary_network_error,FAILED,2,0.43,149,1,1,RETRY_PAYMENT,1,2999.0
pay_1216,merch_105,cust_1168,15000,INR,upi,authentication_failure,FAILED,1,0.5,118,1,1,SEND_PAYMENT_LINK,1,15000.0
pay_1217,merch_101,cust_1091,25000,INR,card,authentication_failure,FAILED,3,0.55,132,0,0,STOP,0,0.0
pay_1218,merch_101,cust_1167,999,INR,netbanking,limit_exceeded,FAILED,3,0.58,118,0,0,STOP,0,0.0
pay_1219,merch_102,cust_1200,2999,INR,wallet,temporary_network_error,FAILED,3,0.51,121,0,1,RETRY_PAYMENT,0,0.0
pay_1220,merch_104,cust_1198,25000,INR,netbanking,insufficient_funds,FAILED,3,0.38,149,1,0,STOP,0,0.0
pay_1221,merch_104,cust_1158,9999,INR,upi,temporary_network_error,FAILED,1,0.82,41,0,1,RETRY_PAYMENT,1,9999.0
pay_1222,merch_100,cust_1127,15000,INR,netbanking,insufficient_funds,FAILED,3,0.78,27,0,0,STOP,0,0.0
pay_1223,merch_105,cust_1098,9999,INR,upi,temporary_network_error,FAILED,2,0.31,10,0,1,RETRY_PAYMENT,1,9999.0
pay_1224,merch_102,cust_1155,199,INR,card,authentication_failure,FAILED,1,0.69,97,0,1,SEND_REMINDER,0,0.0
pay_1225,merch_104,cust_1142,1499,INR,card,authentication_failure,FAILED,2,0.47,74,0,1,SEND_REMINDER,1,1499.0
pay_1226,merch_101,cust_1111,25000,INR,card,temporary_network_error,FAILED,2,0.12,172,0,1,RETRY_PAYMENT,1,25000.0
pay_1227,merch_101,cust_1001,4999,INR,wallet,timeout,FAILED,2,0.83,88,0,1,RETRY_PAYMENT,1,4999.0
pay_1228,merch_105,cust_1164,25000,INR,wallet,insufficient_funds,FAILED,1,0.58,122,1,1,SEND_PAYMENT_LINK,0,0.0
pay_1229,merch_104,cust_1035,499,INR,wallet,bank_declined,FAILED,3,0.42,19,0,0,STOP,0,0.0
pay_1230,merch_101,cust_1200,25000,INR,netbanking,temporary_network_error,FAILED,1,0.52,14,1,1,RETRY_PAYMENT,1,25000.0
pay_1231,merch_102,cust_1064,9999,INR,netbanking,temporary_network_error,FAILED,1,0.92,20,0,1,RETRY_PAYMENT,1,9999.0
pay_1232,merch_104,cust_1128,2999,INR,wallet,timeout,FAILED,1,0.56,29,1,1,RETRY_PAYMENT,0,0.0
pay_1233,merch_102,cust_1167,199,INR,upi,authentication_failure,FAILED,2,0.32,86,0,1,SEND_REMINDER,1,199.0
pay_1234,merch_104,cust_1187,4999,INR,upi,insufficient_funds,FAILED,2,0.16,145,0,1,SEND_PAYMENT_LINK,0,0.0
pay_1235,merch_100,cust_1106,499,INR,wallet,insufficient_funds,FAILED,1,0.71,27,0,1,SEND_PAYMENT_LINK,0,0.0
pay_1236,merch_101,cust_1166,4999,INR,wallet,bank_declined,FAILED,1,0.76,59,0,1,SEND_REMINDER,0,0.0
pay_1237,merch_100,cust_1198,1499,INR,wallet,limit_exceeded,FAILED,3,0.73,142,1,0,STOP,0,0.0
pay_1238,merch_100,cust_1099,9999,INR,card,bank_declined,FAILED,3,0.46,36,0,0,STOP,0,0.0
pay_1239,merch_103,cust_1030,4999,INR,netbanking,insufficient_funds,FAILED,1,0.47,15,0,1,SEND_PAYMENT_LINK,1,4999.0
pay_1240,merch_104,cust_1002,1499,INR,wallet,limit_exceeded,FAILED,2,0.58,4,0,1,SEND_REMINDER,0,0.0
pay_1241,merch_100,cust_1014,999,INR,wallet,insufficient_funds,FAILED,1,0.14,90,0,1,SEND_PAYMENT_LINK,0,0.0
pay_1242,merch_101,cust_1155,9999,INR,wallet,limit_exceeded,FAILED,1,0.66,20,1,1,SEND_PAYMENT_LINK,0,0.0
pay_1243,merch_101,cust_1126,4999,INR,card,bank_declined,FAILED,3,0.36,94,1,0,STOP,0,0.0
pay_1244,merch_105,cust_1062,25000,INR,netbanking,authentication_failure,FAILED,3,0.56,27,0,0,STOP,0,0.0
pay_1245,merch_102,cust_1105,15000,INR,netbanking,temporary_network_error,FAILED,1,0.88,134,0,1,RETRY_PAYMENT,1,15000.0
pay_1246,merch_104,cust_1053,499,INR,netbanking,limit_exceeded,FAILED,1,0.13,61,1,1,SEND_REMINDER,0,0.0
pay_1247,merch_103,cust_1029,199,INR,wallet,temporary_network_error,FAILED,1,0.34,99,1,1,RETRY_PAYMENT,0,0.0
pay_1248,merch_100,cust_1015,2999,INR,wallet,bank_declined,FAILED,1,0.83,99,1,1,SEND_REMINDER,1,2999.0
pay_1249,merch_101,cust_1097,999,INR,wallet,timeout,FAILED,1,0.66,9,1,1,RETRY_PAYMENT,0,0.0
pay_1250,merch_104,cust_1193,4999,INR,netbanking,timeout,FAILED,1,0.74,88,1,1,RETRY_PAYMENT,1,4999.0
pay_1251,merch_105,cust_1188,199,INR,upi,timeout,FAILED,2,0.91,174,1,1,RETRY_PAYMENT,1,199.0
pay_1252,merch_104,cust_1118,9999,INR,netbanking,insufficient_funds,FAILED,2,0.5,61,0,1,SEND_PAYMENT_LINK,0,0.0
pay_1253,merch_102,cust_1174,2999,INR,upi,insufficient_funds,FAILED,2,0.35,147,1,1,SEND_PAYMENT_LINK,1,2999.0
pay_1254,merch_102,cust_1092,2999,INR,netbanking,limit_exceeded,FAILED,2,0.11,79,1,1,SEND_REMINDER,0,0.0
pay_1255,merch_101,cust_1113,15000,INR,upi,bank_declined,FAILED,1,0.5,92,1,1,SEND_PAYMENT_LINK,0,0.0
pay_1256,merch_104,cust_1055,9999,INR,upi,timeout,FAILED,1,0.33,157,1,1,RETRY_PAYMENT,0,0.0
pay_1257,merch_103,cust_1046,2999,INR,netbanking,authentication_failure,FAILED,2,0.21,162,0,1,SEND_REMINDER,1,2999.0
pay_1258,merch_104,cust_1167,199,INR,card,temporary_network_error,FAILED,3,0.13,176,1,1,RETRY_PAYMENT,0,0.0
pay_1259,merch_100,cust_1141,1499,INR,upi,limit_exceeded,FAILED,1,0.93,5,1,1,SEND_REMINDER,0,0.0
pay_1260,merch_100,cust_1153,1499,INR,netbanking,temporary_network_error,FAILED,1,0.53,29,0,1,RETRY_PAYMENT,1,1499.0
pay_1261,merch_102,cust_1146,4999,INR,wallet,temporary_network_error,FAILED,3,0.46,73,0,1,RETRY_PAYMENT,1,4999.0
pay_1262,merch_104,cust_1092,4999,INR,wallet,limit_exceeded,FAILED,1,0.5,76,0,1,SEND_REMINDER,1,4999.0
pay_1263,merch_100,cust_1074,999,INR,upi,temporary_network_error,FAILED,2,0.28,81,1,1,RETRY_PAYMENT,0,0.0
pay_1264,merch_103,cust_1149,199,INR,card,bank_declined,FAILED,3,0.17,20,0,0,STOP,0,0.0
pay_1265,merch_104,cust_1128,25000,INR,wallet,timeout,FAILED,3,0.2,136,0,1,RETRY_PAYMENT,0,0.0
pay_1266,merch_105,cust_1134,25000,INR,wallet,authentication_failure,FAILED,1,0.27,148,1,1,SEND_PAYMENT_LINK,0,0.0
pay_1267,merch_102,cust_1062,4999,INR,card,bank_declined,FAILED,1,0.74,30,0,1,SEND_REMINDER,1,4999.0
pay_1268,merch_103,cust_1092,499,INR,netbanking,timeout,FAILED,2,0.16,93,1,1,RETRY_PAYMENT,1,499.0
pay_1269,merch_103,cust_1107,1499,INR,card,timeout,FAILED,1,0.76,105,0,1,RETRY_PAYMENT,1,1499.0
pay_1270,merch_102,cust_1087,4999,INR,upi,temporary_network_error,FAILED,2,0.46,38,1,1,RETRY_PAYMENT,1,4999.0
pay_1271,merch_101,cust_1046,15000,INR,upi,insufficient_funds,FAILED,1,0.46,142,1,1,SEND_PAYMENT_LINK,0,0.0
pay_1272,merch_101,cust_1008,9999,INR,upi,limit_exceeded,FAILED,1,0.94,34,1,1,SEND_PAYMENT_LINK,0,0.0
pay_1273,merch_102,cust_1032,9999,INR,card,limit_exceeded,FAILED,1,0.2,87,0,1,SEND_PAYMENT_LINK,0,0.0
pay_1274,merch_100,cust_1018,4999,INR,wallet,bank_declined,FAILED,3,0.48,112,1,0,STOP,0,0.0
pay_1275,merch_103,cust_1179,999,INR,card,limit_exceeded,FAILED,2,0.88,131,0,1,SEND_REMINDER,1,999.0
pay_1276,merch_100,cust_1151,4999,INR,wallet,bank_declined,FAILED,1,0.47,131,1,1,SEND_REMINDER,0,0.0
pay_1277,merch_100,cust_1059,2999,INR,wallet,authentication_failure,FAILED,1,0.58,135,1,1,SEND_REMINDER,1,2999.0
pay_1278,merch_103,cust_1081,999,INR,card,temporary_network_error,FAILED,3,0.85,54,1,1,RETRY_PAYMENT,1,999.0
pay_1279,merch_104,cust_1157,4999,INR,upi,authentication_failure,FAILED,1,0.24,74,1,1,SEND_REMINDER,1,4999.0
pay_1280,merch_101,cust_1043,2999,INR,netbanking,timeout,FAILED,1,0.89,171,1,1,RETRY_PAYMENT,1,2999.0
pay_1281,merch_101,cust_1141,25000,INR,card,temporary_network_error,FAILED,2,0.87,139,0,1,RETRY_PAYMENT,1,25000.0
pay_1282,merch_100,cust_1094,1499,INR,netbanking,timeout,FAILED,2,0.72,134,0,1,RETRY_PAYMENT,1,1499.0
pay_1283,merch_102,cust_1028,499,INR,wallet,bank_declined,FAILED,2,0.32,36,1,1,SEND_REMINDER,0,0.0
pay_1284,merch_100,cust_1090,499,INR,card,limit_exceeded,FAILED,1,0.38,130,1,1,SEND_REMINDER,1,499.0
pay_1285,merch_105,cust_1188,25000,INR,upi,limit_exceeded,FAILED,3,0.37,10,1,0,STOP,0,0.0
pay_1286,merch_100,cust_1180,25000,INR,netbanking,insufficient_funds,FAILED,2,0.66,161,0,1,SEND_PAYMENT_LINK,0,0.0
pay_1287,merch_105,cust_1002,1499,INR,card,timeout,FAILED,2,0.84,57,0,1,RETRY_PAYMENT,1,1499.0
pay_1288,merch_101,cust_1124,999,INR,wallet,authentication_failure,FAILED,1,0.27,23,0,1,SEND_REMINDER,1,999.0
pay_1289,merch_100,cust_1125,25000,INR,card,limit_exceeded,FAILED,1,0.13,177,1,1,SEND_PAYMENT_LINK,0,0.0
pay_1290,merch_105,cust_1149,1499,INR,netbanking,bank_declined,FAILED,2,0.66,47,1,1,SEND_REMINDER,0,0.0
pay_1291,merch_102,cust_1171,15000,INR,wallet,limit_exceeded,FAILED,2,0.61,140,1,1,SEND_PAYMENT_LINK,1,15000.0
pay_1292,merch_101,cust_1028,2999,INR,wallet,bank_declined,FAILED,1,0.31,109,0,1,SEND_REMINDER,1,2999.0
pay_1293,merch_102,cust_1169,499,INR,netbanking,limit_exceeded,FAILED,2,0.7,124,1,1,SEND_REMINDER,0,0.0
pay_1294,merch_105,cust_1060,199,INR,netbanking,authentication_failure,FAILED,2,0.28,105,0,1,SEND_REMINDER,0,0.0
pay_1295,merch_102,cust_1066,4999,INR,wallet,bank_declined,FAILED,2,0.46,67,0,1,SEND_REMINDER,1,4999.0
pay_1296,merch_105,cust_1056,4999,INR,upi,authentication_failure,FAILED,2,0.45,147,0,1,SEND_REMINDER,0,0.0
pay_1297,merch_105,cust_1028,4999,INR,card,timeout,FAILED,2,0.12,6,1,1,RETRY_PAYMENT,1,4999.0
pay_1298,merch_105,cust_1085,4999,INR,upi,limit_exceeded,FAILED,1,0.54,93,0,1,SEND_REMINDER,0,0.0
pay_1299,merch_104,cust_1101,1499,INR,netbanking,insufficient_funds,FAILED,1,0.38,56,0,1,SEND_PAYMENT_LINK,0,0.0
pay_1300,merch_100,cust_1005,25000,INR,upi,timeout,FAILED,2,0.77,11,0,1,RETRY_PAYMENT,1,25000.0
pay_1301,merch_100,cust_1058,1499,INR,upi,authentication_failure,FAILED,3,0.21,97,1,0,STOP,0,0.0
pay_1302,merch_101,cust_1189,2999,INR,upi,temporary_network_error,FAILED,1,0.53,107,0,1,RETRY_PAYMENT,1,2999.0
pay_1303,merch_104,cust_1154,999,INR,upi,limit_exceeded,FAILED,2,0.77,50,1,1,SEND_REMINDER,0,0.0
pay_1304,merch_103,cust_1131,199,INR,netbanking,authentication_failure,FAILED,2,0.27,68,1,1,SEND_REMINDER,1,199.0
pay_1305,merch_103,cust_1023,1499,INR,wallet,timeout,FAILED,1,0.51,180,0,1,RETRY_PAYMENT,1,1499.0
pay_1306,merch_103,cust_1186,9999,INR,netbanking,timeout,FAILED,3,0.19,58,0,1,RETRY_PAYMENT,1,9999.0
pay_1307,merch_101,cust_1114,4999,INR,wallet,timeout,FAILED,1,0.65,86,0,1,RETRY_PAYMENT,0,0.0
pay_1308,merch_100,cust_1024,25000,INR,card,insufficient_funds,FAILED,2,0.6,22,0,1,SEND_PAYMENT_LINK,0,0.0
pay_1309,merch_103,cust_1133,1499,INR,upi,bank_declined,FAILED,1,0.45,87,0,1,SEND_REMINDER,1,1499.0
pay_1310,merch_105,cust_1144,9999,INR,upi,authentication_failure,FAILED,3,0.28,144,1,0,STOP,0,0.0
pay_1311,merch_104,cust_1127,4999,INR,card,authentication_failure,FAILED,2,0.7,132,0,1,SEND_REMINDER,0,0.0
pay_1312,merch_103,cust_1179,499,INR,wallet,insufficient_funds,FAILED,1,0.24,32,0,1,SEND_PAYMENT_LINK,1,499.0
pay_1313,merch_100,cust_1009,9999,INR,wallet,insufficient_funds,FAILED,3,0.78,125,0,0,STOP,0,0.0
pay_1314,merch_105,cust_1140,9999,INR,wallet,temporary_network_error,FAILED,1,0.2,76,1,1,RETRY_PAYMENT,1,9999.0
pay_1315,merch_104,cust_1095,999,INR,card,authentication_failure,FAILED,2,0.68,158,1,1,SEND_REMINDER,0,0.0
pay_1316,merch_102,cust_1120,15000,INR,card,authentication_failure,FAILED,3,0.71,35,0,1,SEND_PAYMENT_LINK,0,0.0
pay_1317,merch_103,cust_1002,4999,INR,wallet,insufficient_funds,FAILED,1,0.5,2,1,1,SEND_PAYMENT_LINK,0,0.0
pay_1318,merch_101,cust_1177,499,INR,wallet,authentication_failure,FAILED,1,0.15,120,0,1,SEND_REMINDER,1,499.0
pay_1319,merch_105,cust_1143,1499,INR,netbanking,limit_exceeded,FAILED,1,0.89,71,1,1,SEND_REMINDER,0,0.0
pay_1320,merch_103,cust_1149,2999,INR,netbanking,timeout,FAILED,2,0.89,144,0,1,RETRY_PAYMENT,1,2999.0
pay_1321,merch_101,cust_1026,1499,INR,netbanking,insufficient_funds,FAILED,1,0.58,33,1,1,SEND_PAYMENT_LINK,0,0.0
pay_1322,merch_104,cust_1154,2999,INR,wallet,insufficient_funds,FAILED,1,0.1,60,0,1,SEND_PAYMENT_LINK,1,2999.0
pay_1323,merch_104,cust_1037,999,INR,card,bank_declined,FAILED,1,0.37,14,0,1,SEND_REMINDER,0,0.0
pay_1324,merch_103,cust_1108,15000,INR,netbanking,authentication_failure,FAILED,2,0.75,62,1,1,SEND_PAYMENT_LINK,1,15000.0
pay_1325,merch_103,cust_1180,15000,INR,netbanking,authentication_failure,FAILED,2,0.37,21,0,1,SEND_PAYMENT_LINK,0,0.0
pay_1326,merch_105,cust_1071,999,INR,wallet,timeout,FAILED,2,0.52,65,0,1,RETRY_PAYMENT,1,999.0
pay_1327,merch_103,cust_1166,4999,INR,card,temporary_network_error,FAILED,1,0.83,172,1,1,RETRY_PAYMENT,1,4999.0
pay_1328,merch_101,cust_1157,25000,INR,card,bank_declined,FAILED,1,0.25,3,0,1,SEND_PAYMENT_LINK,1,25000.0
pay_1329,merch_104,cust_1049,199,INR,netbanking,authentication_failure,FAILED,1,0.87,65,0,1,SEND_REMINDER,1,199.0
pay_1330,merch_100,cust_1165,2999,INR,wallet,bank_declined,FAILED,1,0.95,65,1,1,SEND_REMINDER,1,2999.0
pay_1331,merch_104,cust_1007,15000,INR,wallet,bank_declined,FAILED,1,0.5,166,0,1,SEND_PAYMENT_LINK,1,15000.0
pay_1332,merch_100,cust_1156,999,INR,card,insufficient_funds,FAILED,1,0.46,31,0,1,SEND_PAYMENT_LINK,0,0.0
pay_1333,merch_105,cust_1015,4999,INR,upi,timeout,FAILED,1,0.94,50,0,1,RETRY_PAYMENT,1,4999.0
pay_1334,merch_105,cust_1081,999,INR,netbanking,timeout,FAILED,1,0.9,104,1,1,RETRY_PAYMENT,1,999.0
pay_1335,merch_105,cust_1015,499,INR,card,timeout,FAILED,1,0.72,22,0,1,RETRY_PAYMENT,1,499.0
pay_1336,merch_102,cust_1155,1499,INR,wallet,insufficient_funds,FAILED,3,0.73,1,1,0,STOP,0,0.0
pay_1337,merch_102,cust_1143,4999,INR,upi,authentication_failure,FAILED,2,0.58,179,0,1,SEND_REMINDER,0,0.0
pay_1338,merch_103,cust_1022,499,INR,upi,insufficient_funds,FAILED,3,0.17,82,0,0,STOP,0,0.0
pay_1339,merch_101,cust_1002,1499,INR,netbanking,bank_declined,FAILED,1,0.85,64,1,1,SEND_REMINDER,0,0.0
pay_1340,merch_105,cust_1048,999,INR,netbanking,temporary_network_error,FAILED,2,0.7,46,1,1,RETRY_PAYMENT,1,999.0
pay_1341,merch_102,cust_1105,1499,INR,card,authentication_failure,FAILED,1,0.25,76,1,1,SEND_REMINDER,0,0.0
pay_1342,merch_102,cust_1023,15000,INR,netbanking,timeout,FAILED,1,0.4,165,1,1,RETRY_PAYMENT,0,0.0
pay_1343,merch_105,cust_1043,199,INR,wallet,insufficient_funds,FAILED,2,0.58,180,1,1,SEND_PAYMENT_LINK,0,0.0
pay_1344,merch_105,cust_1073,1499,INR,netbanking,limit_exceeded,FAILED,2,0.57,69,0,1,SEND_REMINDER,0,0.0
pay_1345,merch_101,cust_1066,1499,INR,wallet,authentication_failure,FAILED,1,0.88,133,0,1,SEND_REMINDER,1,1499.0
pay_1346,merch_103,cust_1150,4999,INR,netbanking,timeout,FAILED,2,0.66,9,1,1,RETRY_PAYMENT,1,4999.0
pay_1347,merch_105,cust_1091,199,INR,card,bank_declined,FAILED,2,0.38,166,0,1,SEND_REMINDER,1,199.0
pay_1348,merch_102,cust_1078,999,INR,wallet,timeout,FAILED,1,0.74,113,1,1,RETRY_PAYMENT,1,999.0
pay_1349,merch_105,cust_1111,9999,INR,wallet,insufficient_funds,FAILED,1,0.71,154,1,1,SEND_PAYMENT_LINK,0,0.0
pay_1350,merch_103,cust_1076,199,INR,card,timeout,FAILED,1,0.46,69,1,1,RETRY_PAYMENT,1,199.0
pay_1351,merch_101,cust_1131,999,INR,netbanking,timeout,FAILED,3,0.9,51,0,1,RETRY_PAYMENT,1,999.0
pay_1352,merch_102,cust_1013,499,INR,netbanking,insufficient_funds,FAILED,1,0.49,43,1,1,SEND_PAYMENT_LINK,1,499.0
pay_1353,merch_101,cust_1051,999,INR,netbanking,authentication_failure,FAILED,1,0.26,53,1,1,SEND_REMINDER,1,999.0
pay_1354,merch_101,cust_1039,25000,INR,netbanking,temporary_network_error,FAILED,2,0.24,26,1,1,RETRY_PAYMENT,1,25000.0
pay_1355,merch_103,cust_1178,1499,INR,wallet,limit_exceeded,FAILED,2,0.81,63,0,1,SEND_REMINDER,1,1499.0
pay_1356,merch_102,cust_1195,999,INR,wallet,authentication_failure,FAILED,1,0.8,109,1,1,SEND_REMINDER,1,999.0
pay_1357,merch_102,cust_1125,199,INR,card,timeout,FAILED,1,0.75,95,1,1,RETRY_PAYMENT,1,199.0
pay_1358,merch_100,cust_1156,9999,INR,upi,limit_exceeded,FAILED,1,0.22,49,0,1,SEND_PAYMENT_LINK,1,9999.0
pay_1359,merch_103,cust_1023,4999,INR,wallet,limit_exceeded,FAILED,1,0.46,73,1,1,SEND_REMINDER,0,0.0
pay_1360,merch_103,cust_1008,2999,INR,wallet,insufficient_funds,FAILED,1,0.44,133,0,1,SEND_PAYMENT_LINK,0,0.0
pay_1361,merch_100,cust_1088,499,INR,wallet,temporary_network_error,FAILED,1,0.37,148,1,1,RETRY_PAYMENT,1,499.0
pay_1362,merch_100,cust_1124,9999,INR,wallet,temporary_network_error,FAILED,1,0.46,163,0,1,RETRY_PAYMENT,1,9999.0
pay_1363,merch_103,cust_1128,4999,INR,wallet,limit_exceeded,FAILED,1,0.82,94,0,1,SEND_REMINDER,0,0.0
pay_1364,merch_103,cust_1136,9999,INR,upi,insufficient_funds,FAILED,1,0.39,152,1,1,SEND_PAYMENT_LINK,1,9999.0
pay_1365,merch_104,cust_1186,15000,INR,wallet,temporary_network_error,FAILED,2,0.34,32,1,1,RETRY_PAYMENT,1,15000.0
pay_1366,merch_100,cust_1153,4999,INR,netbanking,bank_declined,FAILED,1,0.67,7,1,1,SEND_REMINDER,1,4999.0
pay_1367,merch_102,cust_1106,199,INR,wallet,authentication_failure,FAILED,1,0.64,153,0,1,SEND_REMINDER,1,199.0
pay_1368,merch_100,cust_1136,9999,INR,card,insufficient_funds,FAILED,1,0.55,33,0,1,SEND_PAYMENT_LINK,0,0.0
pay_1369,merch_103,cust_1070,4999,INR,wallet,limit_exceeded,FAILED,2,0.31,135,1,1,SEND_REMINDER,1,4999.0
pay_1370,merch_102,cust_1095,199,INR,card,timeout,FAILED,3,0.64,26,1,1,RETRY_PAYMENT,0,0.0
pay_1371,merch_105,cust_1020,4999,INR,netbanking,bank_declined,FAILED,2,0.12,66,0,1,SEND_REMINDER,0,0.0
pay_1372,merch_103,cust_1029,1499,INR,netbanking,authentication_failure,FAILED,2,0.54,63,0,1,SEND_REMINDER,1,1499.0
pay_1373,merch_103,cust_1055,9999,INR,netbanking,limit_exceeded,FAILED,3,0.76,71,0,0,STOP,0,0.0
pay_1374,merch_104,cust_1102,999,INR,netbanking,authentication_failure,FAILED,1,0.45,5,1,1,SEND_REMINDER,0,0.0
pay_1375,merch_102,cust_1068,15000,INR,netbanking,temporary_network_error,FAILED,1,0.29,84,0,1,RETRY_PAYMENT,1,15000.0
pay_1376,merch_102,cust_1186,15000,INR,wallet,limit_exceeded,FAILED,2,0.38,100,1,1,SEND_PAYMENT_LINK,0,0.0
pay_1377,merch_100,cust_1087,4999,INR,netbanking,authentication_failure,FAILED,2,0.23,128,0,1,SEND_REMINDER,0,0.0
pay_1378,merch_101,cust_1172,9999,INR,netbanking,bank_declined,FAILED,1,0.66,147,0,1,SEND_PAYMENT_LINK,0,0.0
pay_1379,merch_104,cust_1088,499,INR,card,limit_exceeded,FAILED,2,0.41,75,1,1,SEND_REMINDER,0,0.0
pay_1380,merch_103,cust_1007,999,INR,card,timeout,FAILED,1,0.58,107,0,1,RETRY_PAYMENT,1,999.0
pay_1381,merch_102,cust_1142,15000,INR,card,bank_declined,FAILED,2,0.21,156,0,1,SEND_PAYMENT_LINK,1,15000.0
pay_1382,merch_101,cust_1054,499,INR,netbanking,insufficient_funds,FAILED,1,0.75,103,1,1,SEND_PAYMENT_LINK,1,499.0
pay_1383,merch_101,cust_1107,2999,INR,netbanking,authentication_failure,FAILED,3,0.19,176,1,0,STOP,0,0.0
pay_1384,merch_104,cust_1137,25000,INR,wallet,insufficient_funds,FAILED,2,0.52,119,1,1,SEND_PAYMENT_LINK,0,0.0
pay_1385,merch_103,cust_1040,999,INR,wallet,authentication_failure,FAILED,1,0.55,86,1,1,SEND_REMINDER,0,0.0
pay_1386,merch_105,cust_1025,9999,INR,wallet,bank_declined,FAILED,2,0.26,8,0,1,SEND_PAYMENT_LINK,1,9999.0
pay_1387,merch_104,cust_1128,499,INR,wallet,temporary_network_error,FAILED,1,0.62,43,1,1,RETRY_PAYMENT,1,499.0
pay_1388,merch_102,cust_1005,9999,INR,card,insufficient_funds,FAILED,2,0.41,62,0,1,SEND_PAYMENT_LINK,0,0.0
pay_1389,merch_105,cust_1051,4999,INR,card,authentication_failure,FAILED,1,0.86,53,1,1,SEND_REMINDER,1,4999.0
pay_1390,merch_105,cust_1154,15000,INR,card,insufficient_funds,FAILED,2,0.53,29,1,1,SEND_PAYMENT_LINK,0,0.0
pay_1391,merch_101,cust_1062,15000,INR,upi,temporary_network_error,FAILED,3,0.13,174,1,1,RETRY_PAYMENT,0,0.0
pay_1392,merch_103,cust_1098,499,INR,wallet,authentication_failure,FAILED,3,0.56,156,0,0,STOP,0,0.0
pay_1393,merch_103,cust_1123,199,INR,netbanking,bank_declined,FAILED,3,0.75,94,1,1,SEND_REMINDER,0,0.0
pay_1394,merch_104,cust_1161,15000,INR,wallet,temporary_network_error,FAILED,1,0.22,68,0,1,RETRY_PAYMENT,1,15000.0
pay_1395,merch_102,cust_1105,4999,INR,card,insufficient_funds,FAILED,2,0.28,25,1,1,SEND_PAYMENT_LINK,0,0.0
pay_1396,merch_100,cust_1117,15000,INR,card,authentication_failure,FAILED,1,0.35,114,1,1,SEND_PAYMENT_LINK,0,0.0
pay_1397,merch_105,cust_1066,2999,INR,upi,insufficient_funds,FAILED,1,0.54,7,0,1,SEND_PAYMENT_LINK,0,0.0
pay_1398,merch_104,cust_1092,2999,INR,netbanking,limit_exceeded,FAILED,1,0.58,79,1,1,SEND_REMINDER,0,0.0
pay_1399,merch_105,cust_1075,999,INR,card,insufficient_funds,FAILED,2,0.35,99,1,1,SEND_PAYMENT_LINK,0,0.0
pay_1400,merch_100,cust_1054,2999,INR,card,timeout,FAILED,1,0.32,131,1,1,RETRY_PAYMENT,1,2999.0
pay_1401,merch_101,cust_1088,999,INR,netbanking,timeout,FAILED,1,0.42,125,0,1,RETRY_PAYMENT,0,0.0
pay_1402,merch_103,cust_1044,15000,INR,wallet,temporary_network_error,FAILED,3,0.9,88,0,1,RETRY_PAYMENT,1,15000.0
pay_1403,merch_101,cust_1038,2999,INR,upi,limit_exceeded,FAILED,1,0.4,118,0,1,SEND_REMINDER,0,0.0
pay_1404,merch_104,cust_1058,1499,INR,netbanking,limit_exceeded,FAILED,1,0.44,26,1,1,SEND_REMINDER,0,0.0
pay_1405,merch_102,cust_1141,25000,INR,upi,temporary_network_error,FAILED,2,0.58,64,0,1,RETRY_PAYMENT,1,25000.0
pay_1406,merch_105,cust_1046,1499,INR,card,limit_exceeded,FAILED,3,0.49,11,1,0,STOP,0,0.0
pay_1407,merch_104,cust_1071,499,INR,card,limit_exceeded,FAILED,1,0.87,34,1,1,SEND_REMINDER,1,499.0
pay_1408,merch_101,cust_1062,15000,INR,wallet,temporary_network_error,FAILED,2,0.85,14,1,1,RETRY_PAYMENT,1,15000.0
pay_1409,merch_100,cust_1050,15000,INR,upi,bank_declined,FAILED,1,0.5,26,0,1,SEND_PAYMENT_LINK,0,0.0
pay_1410,merch_102,cust_1145,199,INR,wallet,temporary_network_error,FAILED,3,0.85,165,0,1,RETRY_PAYMENT,1,199.0
pay_1411,merch_105,cust_1157,15000,INR,upi,authentication_failure,FAILED,2,0.61,127,0,1,SEND_PAYMENT_LINK,1,15000.0
pay_1412,merch_103,cust_1131,2999,INR,netbanking,authentication_failure,FAILED,2,0.31,71,1,1,SEND_REMINDER,0,0.0
pay_1413,merch_100,cust_1193,999,INR,wallet,temporary_network_error,FAILED,1,0.86,131,1,1,RETRY_PAYMENT,1,999.0
pay_1414,merch_101,cust_1016,9999,INR,netbanking,temporary_network_error,FAILED,2,0.39,176,0,1,RETRY_PAYMENT,1,9999.0
pay_1415,merch_100,cust_1195,1499,INR,card,authentication_failure,FAILED,2,0.36,136,1,1,SEND_REMINDER,1,1499.0
pay_1416,merch_102,cust_1156,1499,INR,card,authentication_failure,FAILED,1,0.26,102,0,1,SEND_REMINDER,0,0.0
pay_1417,merch_104,cust_1169,999,INR,netbanking,timeout,FAILED,2,0.66,107,1,1,RETRY_PAYMENT,1,999.0
pay_1418,merch_102,cust_1120,2999,INR,netbanking,insufficient_funds,FAILED,1,0.38,91,1,1,SEND_PAYMENT_LINK,0,0.0
pay_1419,merch_103,cust_1144,9999,INR,wallet,temporary_network_error,FAILED,2,0.15,105,1,1,RETRY_PAYMENT,1,9999.0
pay_1420,merch_101,cust_1116,2999,INR,upi,limit_exceeded,FAILED,1,0.28,66,1,1,SEND_REMINDER,0,0.0
pay_1421,merch_100,cust_1082,9999,INR,wallet,authentication_failure,FAILED,2,0.58,52,0,1,SEND_PAYMENT_LINK,0,0.0
pay_1422,merch_103,cust_1070,499,INR,upi,insufficient_funds,FAILED,1,0.38,123,1,1,SEND_PAYMENT_LINK,0,0.0
pay_1423,merch_100,cust_1199,9999,INR,wallet,insufficient_funds,FAILED,1,0.94,151,1,1,SEND_PAYMENT_LINK,1,9999.0
pay_1424,merch_100,cust_1163,4999,INR,netbanking,timeout,FAILED,1,0.47,73,0,1,RETRY_PAYMENT,1,4999.0
pay_1425,merch_105,cust_1018,4999,INR,wallet,insufficient_funds,FAILED,1,0.6,147,0,1,SEND_PAYMENT_LINK,0,0.0
pay_1426,merch_103,cust_1062,4999,INR,netbanking,timeout,FAILED,2,0.79,177,0,1,RETRY_PAYMENT,1,4999.0
pay_1427,merch_100,cust_1179,4999,INR,netbanking,bank_declined,FAILED,3,0.85,48,1,1,SEND_REMINDER,0,0.0
pay_1428,merch_103,cust_1092,4999,INR,card,limit_exceeded,FAILED,3,0.32,155,0,0,STOP,0,0.0
pay_1429,merch_101,cust_1030,9999,INR,wallet,bank_declined,FAILED,2,0.78,136,0,1,SEND_PAYMENT_LINK,0,0.0
pay_1430,merch_104,cust_1095,199,INR,wallet,temporary_network_error,FAILED,2,0.84,84,1,1,RETRY_PAYMENT,1,199.0
pay_1431,merch_102,cust_1162,499,INR,upi,timeout,FAILED,1,0.93,29,0,1,RETRY_PAYMENT,1,499.0
pay_1432,merch_100,cust_1146,15000,INR,card,temporary_network_error,FAILED,3,0.47,71,1,1,RETRY_PAYMENT,1,15000.0
pay_1433,merch_105,cust_1038,4999,INR,upi,insufficient_funds,FAILED,3,0.59,117,1,0,STOP,0,0.0
pay_1434,merch_100,cust_1102,2999,INR,upi,timeout,FAILED,2,0.12,58,1,1,RETRY_PAYMENT,1,2999.0
pay_1435,merch_102,cust_1057,4999,INR,wallet,limit_exceeded,FAILED,3,0.27,148,1,0,STOP,0,0.0
pay_1436,merch_105,cust_1147,999,INR,card,insufficient_funds,FAILED,1,0.36,26,0,1,SEND_PAYMENT_LINK,0,0.0
pay_1437,merch_100,cust_1199,999,INR,netbanking,temporary_network_error,FAILED,1,0.84,59,0,1,RETRY_PAYMENT,1,999.0
pay_1438,merch_101,cust_1108,2999,INR,card,insufficient_funds,FAILED,1,0.12,113,0,1,SEND_PAYMENT_LINK,0,0.0
pay_1439,merch_103,cust_1006,15000,INR,card,bank_declined,FAILED,1,0.48,103,0,1,SEND_PAYMENT_LINK,1,15000.0
pay_1440,merch_103,cust_1151,499,INR,upi,insufficient_funds,FAILED,2,0.88,133,0,1,SEND_PAYMENT_LINK,1,499.0
pay_1441,merch_101,cust_1030,15000,INR,netbanking,limit_exceeded,FAILED,1,0.45,54,0,1,SEND_PAYMENT_LINK,0,0.0
pay_1442,merch_102,cust_1122,2999,INR,upi,bank_declined,FAILED,1,0.11,108,1,1,SEND_REMINDER,0,0.0
pay_1443,merch_100,cust_1090,4999,INR,netbanking,temporary_network_error,FAILED,2,0.9,167,1,1,RETRY_PAYMENT,1,4999.0
pay_1444,merch_105,cust_1021,9999,INR,wallet,temporary_network_error,FAILED,1,0.72,83,0,1,RETRY_PAYMENT,1,9999.0
pay_1445,merch_101,cust_1045,199,INR,card,timeout,FAILED,1,0.22,121,0,1,RETRY_PAYMENT,1,199.0
pay_1446,merch_101,cust_1189,2999,INR,netbanking,timeout,FAILED,2,0.8,108,0,1,RETRY_PAYMENT,1,2999.0
pay_1447,merch_104,cust_1038,999,INR,netbanking,temporary_network_error,FAILED,1,0.13,53,1,1,RETRY_PAYMENT,1,999.0
pay_1448,merch_102,cust_1067,4999,INR,upi,temporary_network_error,FAILED,1,0.12,121,0,1,RETRY_PAYMENT,1,4999.0
pay_1449,merch_101,cust_1104,199,INR,wallet,timeout,FAILED,3,0.55,41,0,1,RETRY_PAYMENT,1,199.0
pay_1450,merch_101,cust_1023,9999,INR,upi,temporary_network_error,FAILED,2,0.49,107,1,1,RETRY_PAYMENT,1,9999.0
pay_1451,merch_104,cust_1163,199,INR,netbanking,bank_declined,FAILED,2,0.86,66,0,1,SEND_REMINDER,1,199.0
pay_1452,merch_104,cust_1093,499,INR,wallet,bank_declined,FAILED,3,0.81,147,0,1,SEND_REMINDER,1,499.0
pay_1453,merch_104,cust_1033,999,INR,card,limit_exceeded,FAILED,1,0.73,104,1,1,SEND_REMINDER,0,0.0
pay_1454,merch_100,cust_1063,1499,INR,netbanking,insufficient_funds,FAILED,3,0.66,85,1,0,STOP,0,0.0
pay_1455,merch_105,cust_1151,25000,INR,netbanking,insufficient_funds,FAILED,1,0.46,170,0,1,SEND_PAYMENT_LINK,0,0.0
pay_1456,merch_100,cust_1191,9999,INR,upi,insufficient_funds,FAILED,1,0.11,163,0,1,SEND_PAYMENT_LINK,0,0.0
pay_1457,merch_101,cust_1041,9999,INR,netbanking,temporary_network_error,FAILED,2,0.51,89,0,1,RETRY_PAYMENT,1,9999.0
pay_1458,merch_104,cust_1103,15000,INR,card,bank_declined,FAILED,2,0.32,113,0,1,SEND_PAYMENT_LINK,0,0.0
pay_1459,merch_105,cust_1196,25000,INR,netbanking,authentication_failure,FAILED,1,0.32,125,1,1,SEND_PAYMENT_LINK,0,0.0
pay_1460,merch_105,cust_1087,25000,INR,netbanking,temporary_network_error,FAILED,1,0.46,7,0,1,RETRY_PAYMENT,1,25000.0
pay_1461,merch_103,cust_1028,499,INR,netbanking,insufficient_funds,FAILED,1,0.36,112,0,1,SEND_PAYMENT_LINK,0,0.0
pay_1462,merch_104,cust_1046,9999,INR,card,insufficient_funds,FAILED,3,0.29,5,0,0,STOP,0,0.0
pay_1463,merch_105,cust_1190,4999,INR,card,timeout,FAILED,2,0.55,137,1,1,RETRY_PAYMENT,1,4999.0
pay_1464,merch_105,cust_1135,999,INR,netbanking,insufficient_funds,FAILED,1,0.68,163,0,1,SEND_PAYMENT_LINK,0,0.0
pay_1465,merch_105,cust_1038,25000,INR,wallet,insufficient_funds,FAILED,1,0.14,103,1,1,SEND_PAYMENT_LINK,0,0.0
pay_1466,merch_104,cust_1107,15000,INR,wallet,authentication_failure,FAILED,1,0.71,77,0,1,SEND_PAYMENT_LINK,1,15000.0
pay_1467,merch_105,cust_1142,2999,INR,card,limit_exceeded,FAILED,2,0.6,18,0,1,SEND_REMINDER,0,0.0
pay_1468,merch_101,cust_1036,15000,INR,card,insufficient_funds,FAILED,2,0.77,166,1,1,SEND_PAYMENT_LINK,1,15000.0
pay_1469,merch_101,cust_1063,4999,INR,upi,insufficient_funds,FAILED,1,0.22,103,0,1,SEND_PAYMENT_LINK,0,0.0
pay_1470,merch_104,cust_1172,999,INR,card,bank_declined,FAILED,1,0.67,84,0,1,SEND_REMINDER,0,0.0
pay_1471,merch_104,cust_1079,25000,INR,upi,limit_exceeded,FAILED,2,0.5,170,1,1,SEND_PAYMENT_LINK,1,25000.0
pay_1472,merch_100,cust_1138,15000,INR,card,temporary_network_error,FAILED,3,0.39,70,0,1,RETRY_PAYMENT,1,15000.0
pay_1473,merch_102,cust_1028,15000,INR,wallet,timeout,FAILED,1,0.84,178,1,1,RETRY_PAYMENT,1,15000.0
pay_1474,merch_101,cust_1133,499,INR,upi,limit_exceeded,FAILED,2,0.92,93,0,1,SEND_REMINDER,0,0.0
pay_1475,merch_105,cust_1126,9999,INR,wallet,temporary_network_error,FAILED,3,0.19,72,1,1,RETRY_PAYMENT,0,0.0
pay_1476,merch_105,cust_1130,4999,INR,wallet,limit_exceeded,FAILED,1,0.94,22,0,1,SEND_REMINDER,1,4999.0
pay_1477,merch_103,cust_1062,15000,INR,card,timeout,FAILED,2,0.67,27,1,1,RETRY_PAYMENT,1,15000.0
pay_1478,merch_104,cust_1096,25000,INR,wallet,temporary_network_error,FAILED,2,0.19,165,0,1,RETRY_PAYMENT,1,25000.0
pay_1479,merch_100,cust_1195,1499,INR,netbanking,timeout,FAILED,3,0.7,155,1,1,RETRY_PAYMENT,0,0.0
pay_1480,merch_105,cust_1190,199,INR,netbanking,limit_exceeded,FAILED,2,0.82,147,0,1,SEND_REMINDER,0,0.0
pay_1481,merch_105,cust_1190,9999,INR,upi,insufficient_funds,FAILED,2,0.25,162,1,1,SEND_PAYMENT_LINK,1,9999.0
pay_1482,merch_103,cust_1007,15000,INR,netbanking,authentication_failure,FAILED,3,0.39,64,1,0,STOP,0,0.0
pay_1483,merch_103,cust_1200,199,INR,netbanking,bank_declined,FAILED,3,0.94,68,0,1,SEND_REMINDER,1,199.0
pay_1484,merch_104,cust_1165,4999,INR,wallet,authentication_failure,FAILED,1,0.82,23,1,1,SEND_REMINDER,1,4999.0
pay_1485,merch_104,cust_1189,1499,INR,netbanking,authentication_failure,FAILED,1,0.88,24,1,1,SEND_REMINDER,1,1499.0
pay_1486,merch_103,cust_1163,999,INR,wallet,insufficient_funds,FAILED,1,0.83,125,1,1,SEND_PAYMENT_LINK,1,999.0
pay_1487,merch_103,cust_1092,999,INR,card,authentication_failure,FAILED,1,0.19,149,1,1,SEND_REMINDER,0,0.0
pay_1488,merch_105,cust_1164,25000,INR,netbanking,timeout,FAILED,2,0.25,159,0,1,RETRY_PAYMENT,1,25000.0
pay_1489,merch_100,cust_1182,9999,INR,netbanking,insufficient_funds,FAILED,3,0.39,91,1,0,STOP,0,0.0
pay_1490,merch_101,cust_1098,499,INR,netbanking,timeout,FAILED,2,0.93,83,0,1,RETRY_PAYMENT,1,499.0
pay_1491,merch_100,cust_1062,25000,INR,card,limit_exceeded,FAILED,1,0.12,58,0,1,SEND_PAYMENT_LINK,1,25000.0
pay_1492,merch_101,cust_1112,1499,INR,card,temporary_network_error,FAILED,1,0.31,6,1,1,RETRY_PAYMENT,0,0.0
pay_1493,merch_103,cust_1142,25000,INR,card,bank_declined,FAILED,1,0.82,149,1,1,SEND_PAYMENT_LINK,1,25000.0
pay_1494,merch_103,cust_1191,2999,INR,netbanking,authentication_failure,FAILED,2,0.41,61,1,1,SEND_REMINDER,0,0.0
pay_1495,merch_100,cust_1177,999,INR,netbanking,limit_exceeded,FAILED,1,0.78,149,0,1,SEND_REMINDER,1,999.0
pay_1496,merch_104,cust_1181,15000,INR,netbanking,temporary_network_error,FAILED,2,0.29,90,0,1,RETRY_PAYMENT,1,15000.0
pay_1497,merch_104,cust_1013,15000,INR,wallet,bank_declined,FAILED,2,0.47,44,0,1,SEND_PAYMENT_LINK,0,0.0
pay_1498,merch_104,cust_1166,199,INR,netbanking,bank_declined,FAILED,3,0.23,175,1,0,STOP,0,0.0
pay_1499,merch_100,cust_1184,2999,INR,netbanking,limit_exceeded,FAILED,1,0.71,126,1,1,SEND_REMINDER,0,0.0
pay_1500,merch_101,cust_1101,1499,INR,wallet,authentication_failure,FAILED,2,0.69,78,1,1,SEND_REMINDER,1,1499.0
